char,skill,dmg_type,profession,rarity,dps@0,dps@150,dps@300,dps@650,dps@1100,dps@2000,dps@4000,dps@8000,peak_dps,peak_def
能天使,扫射模式,physical,SNIPER,5,2283,1899,1515,619,114,114,114,114,2283,0
能天使,过载模式,physical,SNIPER,5,2825,2285,1745,485,141,141,141,141,2825,0
空弦,箭矢·暴风,physical,SNIPER,5,4134,3661,3189,2086,669,207,207,207,4134,0
灰烬,支援射击,physical,SNIPER,5,34,27,21,5,2,2,2,2,34,0
灰烬,攻坚榴弹,physical,SNIPER,5,80,74,68,54,36,4,4,4,80,0
Stormeye,破空,physical,SNIPER,5,702,657,522,207,35,35,35,35,702,0
Stormeye,心手合一,physical,SNIPER,5,15,12,9,2,1,1,1,1,15,0
Stormeye,旋臂,physical,SNIPER,5,650,500,350,32,32,32,32,32,650,0
黑,暮眼锐瞳,physical,SNIPER,5,1317,1242,1167,992,767,317,66,66,1317,0
黑,战术的终结,physical,SNIPER,5,1012,965,918,807,665,381,51,51,1012,0
鸿雪,锐笔速写,physical,SNIPER,5,1523,1416,1309,1059,737,94,76,76,1523,0
焰狐龙梓兰,飞翔瞪射,physical,SNIPER,5,531,510,489,441,378,253,27,27,531,0
远牙,迅捷打击·γ型,physical,SNIPER,5,816,764,712,591,436,125,41,41,816,0
远牙,光羽箭,physical,SNIPER,5,1277,1242,1207,1125,1020,810,343,64,1277,0
蕾缪安,重逢问候,physical,SNIPER,5,1304,1249,1193,1063,897,563,65,65,1304,0
蕾缪安,归乡邀约,physical,SNIPER,5,782,741,700,604,481,233,39,39,782,0
W,红桃K,physical,SNIPER,5,243,234,224,202,174,118,12,12,243,0
W,惊吓盒子,physical,SNIPER,5,389,370,351,307,251,139,19,19,389,0
W,D12,physical,SNIPER,5,265,253,242,215,180,111,13,13,265,0
菲亚梅塔,“你须直面”,physical,SNIPER,5,1121,1041,961,774,534,56,56,56,1121,0
早露,攻击力强化·γ型,physical,SNIPER,5,742,702,662,569,449,209,37,37,742,0
早露,分裂射击,physical,SNIPER,5,826,779,732,623,482,201,41,41,826,0
早露,雪崩击,physical,SNIPER,5,76,69,63,47,28,4,4,4,76,0
提丰,迅捷打击·γ型,physical,SNIPER,5,724,664,604,464,284,36,36,36,724,0
提丰,冰原秩序,physical,SNIPER,5,535,492,450,350,221,27,27,27,535,0
提丰,“永恒狩猎”,physical,SNIPER,5,1646,1533,1420,1156,818,140,82,82,1646,0
迷迭香,末梢阻断,physical,SNIPER,5,416,368,320,208,64,21,21,21,416,0
迷迭香,“如你所愿”,physical,SNIPER,5,533,479,424,297,133,27,27,27,533,0
维什戴尔,饱和复仇,physical,SNIPER,5,494,412,331,141,25,25,25,25,494,0
维什戴尔,爆裂黎明,physical,SNIPER,5,818,794,771,716,645,503,187,41,818,0
假日威龙陈,高压冲击,physical,SNIPER,5,829,763,698,546,350,41,41,41,829,0
假日威龙陈,“堇青之夜”,physical,SNIPER,5,520,474,429,323,186,26,26,26,520,0
假日威龙陈,“假日风暴”,physical,SNIPER,5,987,909,832,650,417,49,49,49,987,0
莱伊,脱身矢,physical,SNIPER,5,1243,1213,1183,1113,1023,843,443,62,1243,0
莱伊,“得见光芒”,physical,SNIPER,5,1753,1695,1637,1503,1330,984,214,88,1753,0
娜仁图亚,旋刃,physical,SNIPER,5,923,833,743,533,263,46,46,46,923,0
娜仁图亚,恶魇,physical,SNIPER,5,2025,1875,1725,1375,925,101,101,101,2025,0
娜仁图亚,吞日,physical,SNIPER,5,945,845,745,512,212,47,47,47,945,0
推进之王,碎颅击,physical,PIONEER,5,1079,1019,959,819,639,279,54,54,1079,0
风笛,迅捷打击·γ型,physical,PIONEER,5,997,860,724,406,50,50,50,50,997,0
风笛,高效冲击,physical,PIONEER,5,378,340,303,216,103,19,19,19,378,0
风笛,闭膛连发,physical,PIONEER,5,523,476,428,318,177,26,26,26,523,0
嵯峨,除恶,physical,PIONEER,5,283,268,252,216,170,77,14,14,283,0
嵯峨,怒目,physical,PIONEER,5,591,535,478,347,178,30,30,30,591,0
忍冬,隐狐之艺,physical,PIONEER,5,2054,1837,1620,1115,465,103,103,103,2054,0
琴柳,光辉旗帜,physical,PIONEER,5,85,79,72,57,37,4,4,4,85,0
焰尾,“红松林”,physical,PIONEER,5,163,148,133,98,53,8,8,8,163,0
焰尾,焰心,physical,PIONEER,5,288,254,221,143,43,14,14,14,288,0
郁金香,钻心,physical,PIONEER,5,206,187,168,124,68,10,10,10,206,0
郁金香,只余芬芳,physical,PIONEER,5,143,136,128,111,88,43,7,7,143,0
伺夜,领袖的尊严,arts,PIONEER,5,89,89,89,89,89,89,89,89,89,0
缪尔赛思,渐进性润化,physical,PIONEER,5,533,438,344,124,27,27,27,27,533,0
缪尔赛思,生态耦合,physical,PIONEER,5,26,22,17,6,1,1,1,1,26,0
缪尔赛思,浅层非熵适应,physical,PIONEER,5,26,22,17,6,1,1,1,1,26,0
可露希尔,模型扩展,physical,PIONEER,5,923,798,673,382,46,46,46,46,923,0
可露希尔,Q.E.D.,physical,PIONEER,5,2496,2252,2009,1442,712,125,125,125,2496,0
凛御银灰,御敌的锋锐,physical,PIONEER,5,310,291,273,229,173,60,16,16,310,0
凛御银灰,变革已至,physical,PIONEER,5,15,12,10,3,1,1,1,1,15,0
伊内丝,暗夜无明,physical,PIONEER,5,999,893,787,540,223,50,50,50,999,0
伊内丝,独影归途,physical,PIONEER,5,100,96,92,82,69,43,5,5,100,0
伊芙利特,狂热,arts,CASTER,5,303,303,303,303,303,303,303,303,303,0
伊芙利特,炎爆,arts,CASTER,5,326,326,326,326,326,326,326,326,326,0
伊芙利特,灼地,arts,CASTER,5,172,172,172,172,172,172,172,172,172,0
谬因,连续映射,arts,CASTER,5,86,86,86,86,86,86,86,86,86,0
谬因,临界瞬爆,arts,CASTER,5,342,342,342,342,342,342,342,342,342,0
谬因,混沌的本质,arts,CASTER,5,2599,2599,2599,2599,2599,2599,2599,2599,2599,0
莫斯提马,攻击力强化·γ型,arts,CASTER,5,399,399,399,399,399,399,399,399,399,0
莫斯提马,荒时之锁,arts,CASTER,5,85,85,85,85,85,85,85,85,85,0
莫斯提马,序时之匙,arts,CASTER,5,348,348,348,348,348,348,348,348,348,0
艾雅法拉,点燃,arts,CASTER,5,131,131,131,131,131,131,131,131,131,0
艾雅法拉,火山,arts,CASTER,5,1347,1347,1347,1347,1347,1347,1347,1347,1347,0
刻俄柏,“很冰的斧”,arts,CASTER,5,166,172,177,191,209,244,322,479,479,8000
刻俄柏,“很重的枪”,arts,CASTER,5,1036,1061,1086,1144,1218,1367,1699,2361,2361,8000
霍尔海雅,但为求索,arts,CASTER,5,275,275,275,275,275,275,275,275,275,0
霍尔海雅,群星逶迤,arts,CASTER,5,138,138,138,138,138,138,138,138,138,0
逻各斯,殁亡,arts,CASTER,5,33,33,33,33,33,33,33,33,33,0
逻各斯,提喻,arts,CASTER,5,199,199,199,199,199,199,199,199,199,0
逻各斯,延异视阈,arts,CASTER,5,1060,1060,1060,1060,1060,1060,1060,1060,1060,0
夕,工笔入化,arts,CASTER,5,453,453,453,453,453,453,453,453,453,0
夕,泼墨淋漓,arts,CASTER,5,608,608,608,608,608,608,608,608,608,0
夕,写意胜形,arts,CASTER,5,421,421,421,421,421,421,421,421,421,0
玛露西尔,才女的实力,arts,CASTER,5,46,46,46,46,46,46,46,46,46,0
玛露西尔,召唤使魔,arts,CASTER,5,30,30,30,30,30,30,30,30,30,0
玛露西尔,爆破魔法,arts,CASTER,5,104,104,104,104,104,104,104,104,104,0
Pith,“为我所为”,arts,CASTER,5,577,577,577,577,577,577,577,577,577,0
异客,聚焦指令,arts,CASTER,5,339,339,339,339,339,339,339,339,339,0
异客,辉煌裂片,arts,CASTER,5,33,33,33,33,33,33,33,33,33,0
卡涅利安,沙暴守卫,arts,CASTER,5,396,396,396,396,396,396,396,396,396,0
卡涅利安,沙缚镣锁,arts,CASTER,5,662,662,662,662,662,662,662,662,662,0
卡涅利安,食噬之印,arts,CASTER,5,141,141,141,141,141,141,141,141,141,0
林,玲珑,arts,CASTER,5,255,255,255,255,255,255,255,255,255,0
林,流光乍裂,arts,CASTER,5,717,717,717,717,717,717,717,717,717,0
圣聆初雪,霜涛覆岭,arts,CASTER,5,67,67,67,67,67,67,67,67,67,0
圣聆初雪,群山俯首,arts,CASTER,5,2373,2373,2373,2373,2373,2373,2373,2373,2373,0
澄闪,火花四溅,arts,CASTER,5,366,366,366,366,366,366,366,366,366,0
澄闪,电流翻涌,arts,CASTER,5,8,8,8,8,8,8,8,8,8,0
澄闪,澄净闪耀,arts,CASTER,5,314,314,314,314,314,314,314,314,314,0
荒芜拉普兰德,慵怠者悲鸣,arts,CASTER,5,78,78,78,78,78,78,78,78,78,0
荒芜拉普兰德,逐猎狂飙,arts,CASTER,5,431,431,431,431,431,431,431,431,431,0
荒芜拉普兰德,终幕·浩劫,arts,CASTER,5,576,576,576,576,576,576,576,576,576,0
黑键,渐快急板,arts,CASTER,5,90,90,90,90,90,90,90,90,90,0
黑键,荒芜回响,arts,CASTER,5,254,254,254,254,254,254,254,254,254,0
黑键,寂静之声,arts,CASTER,5,1168,1168,1168,1168,1168,1168,1168,1168,1168,0
妮芙,笞心击,arts,CASTER,5,755,755,755,755,755,755,755,755,755,0
妮芙,怵然震爆,arts,CASTER,5,906,906,906,906,906,906,906,906,906,0
妮芙,心防溃决,arts,CASTER,5,0,0,0,0,0,0,0,0,0,0
烛煌,炙手之援,arts,CASTER,5,59,59,59,59,59,59,59,59,59,0
烛煌,沸血燎原,arts,CASTER,5,272,272,272,272,272,272,272,272,272,0
烛煌,众恶的焚场,arts,CASTER,5,1649,1649,1649,1649,1649,1649,1649,1649,1649,0
真言,意识联协,arts,CASTER,5,2318,2318,2318,2318,2318,2318,2318,2318,2318,0
真言,无言为真,arts,CASTER,5,2384,2384,2384,2384,2384,2384,2384,2384,2384,0
死芒,噩愿,arts,CASTER,5,529,529,529,529,529,529,529,529,529,0
死芒,折朽,arts,CASTER,5,366,366,366,366,366,366,366,366,366,0
死芒,冠死以冕,arts,CASTER,5,428,428,428,428,428,428,428,428,428,0
灵知,高速思考,arts,SUPPORT,5,202,202,202,202,202,202,202,202,202,0
灵知,零度爆发,arts,SUPPORT,5,159,159,159,159,159,159,159,159,159,0
灵知,失温症,arts,SUPPORT,5,1836,1836,1836,1836,1836,1836,1836,1836,1836,0
安洁莉娜,秘杖·速充模式,arts,SUPPORT,5,622,622,622,622,622,622,622,622,622,0
安洁莉娜,秘杖·微粒模式,arts,SUPPORT,5,105,105,105,105,105,105,105,105,105,0
安洁莉娜,秘杖·反重力模式,arts,SUPPORT,5,477,477,477,477,477,477,477,477,477,0
铃兰,全力以赴,arts,SUPPORT,5,710,710,710,710,710,710,710,710,710,0
铃兰,儿时的舞乐,arts,SUPPORT,5,20,20,20,20,20,20,20,20,20,0
Raidian,双声,arts,SUPPORT,5,365,365,365,365,365,365,365,365,365,0
Raidian,信号跃动,arts,SUPPORT,5,549,549,549,549,549,549,549,549,549,0
溯光星源,星图闪烁,arts,SUPPORT,5,337,337,337,337,337,337,337,337,337,0
溯光星源,并流连锁,arts,SUPPORT,5,601,601,601,601,601,601,601,601,601,0
麦哲伦,武装打击模块,arts,SUPPORT,5,359,359,359,359,359,359,359,359,359,0
电弧,环形鳞地,arts,SUPPORT,5,392,392,392,392,392,392,392,392,392,0
电弧,手牵手,arts,SUPPORT,5,750,750,750,750,750,750,750,750,750,0
浊心斯卡蒂,同葬无光之愿,arts,SUPPORT,5,10,10,10,10,10,10,10,10,10,0
浊心斯卡蒂,"""潮涌，潮枯""",arts,SUPPORT,5,200,200,200,200,200,200,200,200,200,0
魔王,明日渺远不及,true,SUPPORT,5,658,658,658,658,658,658,658,658,658,0
淬羽赫默,进取之心,arts,SUPPORT,5,320,320,320,320,320,320,320,320,320,0
淬羽赫默,无畏者协议,arts,SUPPORT,5,325,325,325,325,325,325,325,325,325,0
遥,幽隙栖萤,arts,SUPPORT,5,245,245,245,245,245,245,245,245,245,0
遥,夏末游鳞,arts,SUPPORT,5,496,496,496,496,496,496,496,496,496,0
令,重进酒,arts,SUPPORT,5,453,453,453,453,453,453,453,453,453,0
令,笑鸣瑟,arts,SUPPORT,5,259,259,259,259,259,259,259,259,259,0
令,宁作吾,arts,SUPPORT,5,60,60,60,60,60,60,60,60,60,0
白铁,极致火力,physical,SUPPORT,5,422,375,329,220,80,21,21,21,422,0
白铁,高效补给,arts,SUPPORT,5,331,331,331,331,331,331,331,331,331,0
白铁,铁钳号·原型机,physical,SUPPORT,5,747,641,534,285,37,37,37,37,747,0
娜斯提,“拱卫”,arts,SUPPORT,5,471,471,471,471,471,471,471,471,471,0
娜斯提,栖脚地,arts,SUPPORT,5,591,591,591,591,591,591,591,591,591,0
塑心,“自由的探戈”,arts,SUPPORT,5,21,21,21,21,21,21,21,21,21,0
酒神,群体性谵妄,arts,SUPPORT,5,27,27,27,27,27,27,27,27,27,0
酒神,空剧场,arts,SUPPORT,5,415,415,415,415,415,415,415,415,415,0
缄默德克萨斯,细雨无声,arts,SPECIAL,5,924,924,924,924,924,924,924,924,924,0
缄默德克萨斯,阵雨连绵,arts,SPECIAL,5,1733,1733,1733,1733,1733,1733,1733,1733,1733,0
缄默德克萨斯,剑雨滂沱,arts,SPECIAL,5,454,454,454,454,454,454,454,454,454,0
弑君者,尘烟蔽目,physical,SPECIAL,5,66,59,52,36,16,3,3,3,66,0
弑君者,硝烟震爆,physical,SPECIAL,5,164,158,151,135,114,73,8,8,164,0
弑君者,烽烟行刑场,physical,SPECIAL,5,2793,2562,2330,1789,1093,140,140,140,2793,0
Misery,战争的恭顺,physical,SPECIAL,5,853,745,636,384,59,43,43,43,853,0
老鲤,小惩大诫,physical,SPECIAL,5,219,197,176,126,62,11,11,11,219,0
老鲤,贵客盈门,arts,SPECIAL,5,164,164,164,164,164,164,164,164,164,0
琳琅诗怀雅,千金一掷,physical,SPECIAL,5,307,277,247,177,87,15,15,15,307,0
温蒂,炮管敲击,physical,SPECIAL,5,286,256,226,156,66,14,14,14,286,0
温蒂,水炮模式,physical,SPECIAL,5,41,39,37,32,25,12,2,2,41,0
温蒂,液氮大炮,arts,SPECIAL,5,127,127,127,127,127,127,127,127,127,0
阿,爆发剂·榴莲味,physical,SPECIAL,5,1143,1005,867,545,131,57,57,57,1143,0
新约能天使,天空大扫除,physical,SPECIAL,5,1276,1193,1110,915,665,165,64,64,1276,0
新约能天使,开火成瘾症,physical,SPECIAL,5,3711,3509,3307,2836,2230,1019,186,186,3711,0
新约能天使,使命必达！,physical,SPECIAL,5,1062,978,895,701,451,53,53,53,1062,0
歌蕾蒂娅,缺水的大洋裂断,physical,SPECIAL,5,486,448,411,323,211,24,24,24,486,0
歌蕾蒂娅,缺水的掌握怒海,physical,SPECIAL,5,533,485,437,325,181,27,27,27,533,0
歌蕾蒂娅,缺水的碎漩狂舞,arts,SPECIAL,5,226,226,226,226,226,226,226,226,226,0
水月,唤醒,physical,SPECIAL,5,519,497,476,426,361,233,26,26,519,0
水月,囚徒困境,physical,SPECIAL,5,605,547,490,355,182,30,30,30,605,0
水月,镜花水月,physical,SPECIAL,5,403,383,363,317,257,137,20,20,403,0
阿斯卡纶,追袭,physical,SPECIAL,5,383,357,330,268,189,30,19,19,383,0
阿斯卡纶,恩赐,physical,SPECIAL,5,595,557,520,432,320,95,30,30,595,0
阿斯卡纶,降临,physical,SPECIAL,5,677,611,546,393,197,34,34,34,677,0
归溟幽灵鲨,生存的技巧,physical,SPECIAL,5,64,60,56,46,33,7,3,3,64,0
归溟幽灵鲨,生存的渴望,physical,SPECIAL,5,1725,1600,1475,1183,808,86,86,86,1725,0
归溟幽灵鲨,生存的重压,physical,SPECIAL,5,624,582,541,445,321,74,31,31,624,0
多萝西,危险目标清除,physical,SPECIAL,5,195,186,177,156,130,77,10,10,195,0
多萝西,流沙区域生成,physical,SPECIAL,5,142,133,123,100,71,13,7,7,142,0
多萝西,高速共振排障,arts,SPECIAL,5,172,172,172,172,172,172,172,172,172,0
艾拉,“博萨克风暴”,physical,SPECIAL,5,1966,1808,1650,1281,808,98,98,98,1966,0
望,取势,arts,SPECIAL,5,98,98,98,98,98,98,98,98,98,0
望,连星,arts,SPECIAL,5,451,451,451,451,451,451,451,451,451,0
望,天下劫,arts,SPECIAL,5,1528,1528,1528,1528,1528,1528,1528,1528,1528,0
引星棘刺,解构涌潮,arts,SPECIAL,5,163,163,163,163,163,163,163,163,163,0
引星棘刺,“我的海疆”,arts,SPECIAL,5,95,95,95,95,95,95,95,95,95,0
予愿安洁莉娜,极速送达,physical,SPECIAL,5,1269,1183,1097,897,640,126,63,63,1269,0
予愿安洁莉娜,重力自定义,arts,SPECIAL,5,2388,2388,2388,2388,2388,2388,2388,2388,2388,0
予愿安洁莉娜,酸橙的心事,physical,SPECIAL,5,2775,2686,2596,2388,2121,1586,396,139,2775,0
焰影苇草,枯荣共息,arts,MEDIC,5,530,530,530,530,530,530,530,530,530,0
缇缇,旧日绽放,arts,MEDIC,5,772,772,772,772,772,772,772,772,772,0
Mon3tr,策略：熔毁,true,MEDIC,5,2947,2947,2947,2947,2947,2947,2947,2947,2947,0
凯尔希·思衡托,保护性拒止,true,MEDIC,5,1365,1365,1365,1365,1365,1365,1365,1365,1365,0
星熊,战意,physical,TANK,5,529,454,379,204,26,26,26,26,529,0
星熊,力之锯,physical,TANK,5,806,740,673,518,318,40,40,40,806,0
Mechanist,应力倒置,arts,TANK,5,94,94,94,94,94,94,94,94,94,0
瑕光,光芒涌动,physical,TANK,5,422,385,348,260,148,21,21,21,422,0
瑕光,慑敌辉光,physical,TANK,5,136,122,106,72,26,7,7,7,136,0
瑕光,先贤化身,arts,TANK,5,910,910,910,910,910,910,910,910,910,0
黍,嘉禾盈仓,physical,TANK,5,523,468,413,285,120,26,26,26,523,0
黍,离离枯荣,physical,TANK,5,605,512,419,201,30,30,30,30,605,0
年,锡灼,physical,TANK,5,400,340,280,140,20,20,20,20,400,0
年,铜印,arts,TANK,5,10,10,10,10,10,10,10,10,10,0
泥岩,秽壤的血脉,physical,TANK,5,1334,1248,1162,961,702,184,67,67,1334,0
斥罪,坚心苦修,arts,TANK,5,37,37,37,37,37,37,37,37,37,0
斥罪,披荆斩棘,physical,TANK,5,2002,1942,1882,1742,1562,1202,402,100,2002,0
森蚺,震慑劈砍,physical,TANK,5,981,938,894,792,662,401,49,49,981,0
森蚺,钢铁意志,physical,TANK,5,1521,1464,1406,1273,1101,757,76,76,1521,0
号角,照明榴弹,physical,TANK,5,757,727,697,627,537,357,38,38,757,0
号角,暴风号令,physical,TANK,5,1083,1033,983,866,715,415,54,54,1083,0
号角,终极防线,physical,TANK,5,1959,1831,1703,1405,1021,253,98,98,1959,0
涤火杰西卡,坚守阵线,physical,TANK,5,283,245,208,120,14,14,14,14,283,0
涤火杰西卡,掩蔽护卫,physical,TANK,5,2909,2534,2159,1284,159,145,145,145,2909,0
涤火杰西卡,饱和迸射,physical,TANK,5,2964,2898,2833,2681,2485,2094,1224,148,2964,0
信仰搅拌机,八臂电锯侠,physical,TANK,5,212,194,177,137,85,11,11,11,212,0
信仰搅拌机,退休前布道,physical,TANK,5,1472,1378,1284,1064,782,218,74,74,1472,0
机械师,聚类分析,physical,TANK,5,2086,1786,1486,786,104,104,104,104,2086,0
机械师,协防术式,arts,TANK,5,875,875,875,875,875,875,875,875,875,0
机械师,工程学十字星,mixed,TANK,5,1463,1430,1397,1320,1221,1023,583,73,1463,0
余,厚礼上宾,arts,TANK,5,96,96,96,96,96,96,96,96,96,0
余,灶里乾坤,arts,TANK,5,699,699,699,699,699,699,699,699,699,0
珊比,“还不走？”,physical,TANK,5,472,412,352,212,32,24,24,24,472,0
珊比,“慢慢走~”,physical,TANK,5,276,214,152,14,14,14,14,14,276,0
珊比,“不准走！”,physical,TANK,5,517,394,270,26,26,26,26,26,517,0
斩业星熊,地狱变相,physical,TANK,5,1522,1447,1372,1197,972,522,76,76,1522,0
山,横扫架势,physical,WARRIOR,5,254,224,194,124,34,13,13,13,254,0
山,震地碎岩击,physical,WARRIOR,5,628,562,495,339,139,31,31,31,628,0
重岳,拂尘,physical,WARRIOR,5,3262,3112,2962,2612,2162,1262,163,163,3262,0
贝洛内,军师的手段,physical,WARRIOR,5,2483,2233,1983,1400,650,124,124,124,2483,0
贝洛内,清算,physical,WARRIOR,5,36,32,28,19,7,2,2,2,36,0
银灰,真银斩,physical,WARRIOR,5,1597,1520,1443,1264,1034,574,80,80,1597,0
棘刺,攻击力强化·γ型,physical,WARRIOR,5,870,790,710,524,284,44,44,44,870,0
棘刺,护身尖刺,physical,WARRIOR,5,760,672,585,381,120,38,38,38,760,0
棘刺,至高之术,physical,WARRIOR,5,1306,1156,1006,656,206,65,65,65,1306,0
仇白,承影,mixed,WARRIOR,5,1580,1460,1340,1060,700,79,79,79,1580,0
仇白,问雪,physical,WARRIOR,5,861,760,659,422,119,43,43,43,861,0
丰川祥子,残月的余响,arts,WARRIOR,5,1313,1313,1313,1313,1313,1313,1313,1313,1313,0
领主·Sharp,沉默的爆发,physical,WARRIOR,5,2612,2489,2365,2078,1708,968,131,131,2612,0
赫德雷,余烬重荷,physical,WARRIOR,5,508,478,448,378,288,108,25,25,508,0
赫德雷,死境硝烟,true,WARRIOR,5,1398,1398,1398,1398,1398,1398,1398,1398,1398,0
乌尔比安,必须促成的接触,physical,WARRIOR,5,1214,1177,1139,1052,939,714,214,61,1214,0
乌尔比安,必须维系的界限,physical,WARRIOR,5,67,65,63,58,51,38,10,3,67,0
乌尔比安,必须开辟的通路,physical,WARRIOR,5,345,340,335,324,309,279,212,79,345,0
佩佩,盖戳！,physical,WARRIOR,5,991,961,931,861,771,591,191,50,991,0
佩佩,阻遏混乱锤,physical,WARRIOR,5,2337,2229,2121,1869,1545,897,117,117,2337,0
佩佩,时光震荡,physical,WARRIOR,5,2324,2264,2204,2064,1884,1524,724,116,2324,0
怒潮凛冬,誓不低头,physical,WARRIOR,5,1491,1397,1303,1085,803,241,75,75,1491,0
怒潮凛冬,绝不罢休,physical,WARRIOR,5,806,766,726,632,512,272,40,40,806,0
怒潮凛冬,无可抵挡,physical,WARRIOR,5,545,524,502,452,388,260,27,27,545,0
煌,链锯延伸模块,physical,WARRIOR,5,26,24,22,17,10,1,1,1,26,0
煌,沸腾爆裂,physical,WARRIOR,5,656,596,536,396,216,33,33,33,656,0
百炼嘉维尔,精准痛击,physical,WARRIOR,5,904,829,754,579,354,45,45,45,904,0
百炼嘉维尔,链锯强袭,physical,WARRIOR,5,1856,1757,1658,1427,1130,536,93,93,1856,0
百炼嘉维尔,丛林之魂,physical,WARRIOR,5,2824,2649,2473,2063,1536,481,141,141,2824,0
史尔特尔,熔核巨影,physical,WARRIOR,5,1708,1621,1533,1329,1067,542,85,85,1708,0
史尔特尔,黄昏,physical,WARRIOR,5,2642,2531,2420,2162,1830,1165,132,132,2642,0
薇薇安娜,光影迅捷剑,physical,WARRIOR,5,403,366,328,240,128,20,20,20,403,0
薇薇安娜,烛燃影息,physical,WARRIOR,5,1053,960,867,649,369,53,53,53,1053,0
薇薇安娜,“明灭”,physical,WARRIOR,5,615,561,506,379,215,31,31,31,615,0
维娜·维多利亚,重铸晖光,physical,WARRIOR,5,310,280,250,180,90,15,15,15,310,0
维娜·维多利亚,进赴故土,physical,WARRIOR,5,34,32,30,25,19,6,2,2,34,0
维娜·维多利亚,俱以我之名,true,WARRIOR,5,1561,1561,1561,1561,1561,1561,1561,1561,1561,0
赤刃明霄陈,赤霄·奔夜,physical,WARRIOR,5,1179,1093,1008,808,551,59,59,59,1179,0
赤刃明霄陈,赤霄·绝影-驰,arts,WARRIOR,5,1637,1637,1637,1637,1637,1637,1637,1637,1637,0
赤刃明霄陈,赤霄·天喟,arts,WARRIOR,5,1050,1050,1050,1050,1050,1050,1050,1050,1050,0
赫拉格,弦月,physical,WARRIOR,5,722,656,591,439,243,36,36,36,722,0
赫拉格,满月,physical,WARRIOR,5,632,581,529,409,255,32,32,32,632,0
左乐,行险,physical,WARRIOR,5,129,121,114,95,71,24,6,6,129,0
左乐,佑序有炎,physical,WARRIOR,5,149,139,129,105,75,15,7,7,149,0
帕拉斯,信念的长鞭,physical,WARRIOR,5,849,762,676,475,216,42,42,42,849,0
帕拉斯,英勇的祝福,physical,WARRIOR,5,1020,927,834,616,336,51,51,51,1020,0
耀骑士临光,灿焰长刃,physical,WARRIOR,5,36,33,31,25,17,2,2,2,36,0
耀骑士临光,逐夜烁光,physical,WARRIOR,5,47,44,42,37,31,18,2,2,47,0
耀骑士临光,耀阳颔首,true,WARRIOR,5,1204,1204,1204,1204,1204,1204,1204,1204,1204,0
止颂,虔修对决,physical,WARRIOR,5,27,25,23,19,13,2,1,1,27,0
Sharp,快刀,physical,WARRIOR,5,1132,1059,985,814,594,154,57,57,1132,0
Sharp,亮剑,physical,WARRIOR,5,1318,1252,1186,1032,834,438,66,66,1318,0
Sharp,力战不竭,physical,WARRIOR,5,1017,947,877,714,504,84,51,51,1017,0
圣约送葬人,遗嘱执行,physical,WARRIOR,5,1240,1240,1240,1025,637,62,62,62,1240,0
圣约送葬人,近身铳斗,physical,WARRIOR,5,1488,1359,1230,928,541,74,74,74,1488,0
圣约送葬人,圣约决裁,physical,WARRIOR,5,4181,4087,3994,3776,3496,2936,1692,209,4181,0
隐德来希,绯红壁合,physical,WARRIOR,5,852,772,693,508,269,43,43,43,852,0
隐德来希,灵与欲的惜别,physical,WARRIOR,5,2146,1980,1814,1427,929,107,107,107,2146,0
玛恩纳,未声张的怒火,physical,WARRIOR,5,485,399,312,110,24,24,24,24,485,0
玛恩纳,未宽解的悲哀,physical,WARRIOR,5,319,259,199,59,16,16,16,16,319,0
玛恩纳,未照耀的荣光,physical,WARRIOR,5,363,291,219,51,18,18,18,18,363,0
司霆惊蛰,正霆摄威,physical,WARRIOR,5,341,262,183,17,17,17,17,17,341,0
司霆惊蛰,天地通明,mixed,WARRIOR,5,62,31,3,3,3,3,3,3,62,0
斯卡蒂,迅捷打击·γ型,physical,WARRIOR,5,1190,1100,1010,800,530,60,60,60,1190,0
斯卡蒂,跃浪击,physical,WARRIOR,5,53,51,48,43,37,24,3,3,53,0
斯卡蒂,涌潮悲歌,physical,WARRIOR,5,1483,1413,1342,1177,965,540,74,74,1483,0
瑰盐,绝妙的长效药呀,arts,MEDIC,4,81,81,81,81,81,81,81,81,81,0
凛冬,乌萨斯战吼,physical,PIONEER,4,271,217,163,37,14,14,14,14,271,0
德克萨斯,剑雨,arts,PIONEER,4,83,83,83,83,83,83,83,83,83,0
贾维,火焰剥离,arts,PIONEER,4,113,113,113,113,113,113,113,113,113,0
青枳,工程者之愿,physical,PIONEER,4,21,16,11,1,1,1,1,1,21,0
郁金香,只余芬芳,physical,PIONEER,4,97,91,84,70,51,14,5,5,97,0
红隼,醉刃乱舞,physical,PIONEER,4,554,454,354,121,28,28,28,28,554,0
苇草,迅捷打击·γ型,physical,PIONEER,4,1084,923,762,387,54,54,54,54,1084,0
苇草,生灵火花,arts,PIONEER,4,289,289,289,289,289,289,289,289,289,0
野鬃,夹枪冲锋,physical,PIONEER,4,867,762,657,412,97,43,43,43,867,0
历阵锐枪芬,贯敌刺枪,physical,PIONEER,4,254,224,194,124,34,13,13,13,254,0
历阵锐枪芬,执守阵线,physical,PIONEER,4,465,420,375,270,135,23,23,23,465,0
渡桥,承压功率,physical,PIONEER,4,459,395,330,180,23,23,23,23,459,0
晓歌,观火,physical,PIONEER,4,966,868,769,539,243,48,48,48,966,0
晓歌,浮光,physical,PIONEER,4,1179,1007,835,434,59,59,59,59,1179,0
谜图,疑点追踪,arts,PIONEER,4,125,125,125,125,125,125,125,125,125,0
寻澜,探寻,physical,PIONEER,4,789,690,591,361,66,39,39,39,789,0
诗怀雅,协同作战,physical,WARRIOR,4,1425,1285,1145,818,398,71,71,71,1425,0
鞭刃,鞭刃,physical,WARRIOR,4,447,390,332,197,24,22,22,22,447,0
苍苔,土石的恒心,physical,WARRIOR,4,834,741,648,430,150,42,42,42,834,0
芙兰卡,迅捷打击·γ型,physical,WARRIOR,4,962,872,782,572,302,48,48,48,962,0
芙兰卡,极致锋度,physical,WARRIOR,4,1106,1031,956,781,556,106,55,55,1106,0
摩根,街头好手,physical,WARRIOR,4,807,747,687,547,367,40,40,40,807,0
摩根,无畏招架,physical,WARRIOR,4,303,280,258,205,138,15,15,15,303,0
Sharp,亮剑,physical,WARRIOR,4,1321,1261,1201,1061,881,521,66,66,1321,0
莱欧斯,威吓战法,physical,WARRIOR,4,290,280,271,249,221,165,40,14,290,0
因陀罗,裂魂,physical,WARRIOR,4,922,826,730,506,218,46,46,46,922,0
燧石,锋芒毕露,physical,WARRIOR,4,1360,1165,970,515,68,68,68,68,1360,0
达格达,精准捕杀,physical,WARRIOR,4,568,473,378,156,28,28,28,28,568,0
拉普兰德,狼魂,physical,WARRIOR,4,1408,1288,1168,888,528,70,70,70,1408,0
断崖,浮游刃启动,arts,WARRIOR,4,282,282,282,282,282,282,282,282,282,0
烈夏,迅捷打击·γ型,physical,WARRIOR,4,1027,890,754,436,51,51,51,51,1027,0
烈夏,一呼百应,physical,WARRIOR,4,1222,1113,1003,748,419,61,61,61,1222,0
铎铃,攻击力强化·γ型,physical,WARRIOR,4,1141,1101,1061,967,847,607,74,57,1141,0
铎铃,乡心无改,physical,WARRIOR,4,738,723,708,673,628,538,338,37,738,0
战车,倾泻弹药,physical,WARRIOR,4,2864,2564,2264,1564,664,143,143,143,2864,0
幽灵鲨,攻击力强化·γ型,physical,WARRIOR,4,961,878,794,600,350,48,48,48,961,0
幽灵鲨,肉斩骨断,physical,WARRIOR,4,1349,1259,1169,959,689,149,67,67,1349,0
布洛卡,通电,physical,WARRIOR,4,783,720,658,512,324,39,39,39,783,0
布洛卡,高压电流,physical,WARRIOR,4,984,935,886,772,626,334,49,49,984,0
导火索,火力侦察,physical,WARRIOR,4,1415,1234,1054,633,92,71,71,71,1415,0
导火索,霰射炸药,physical,WARRIOR,4,958,925,892,815,716,517,76,48,958,0
摆渡人,同胞的意志,physical,WARRIOR,4,973,890,807,612,362,49,49,49,973,0
星极,星座守护,physical,WARRIOR,4,549,474,399,224,27,27,27,27,549,0
星极,星辉剑,physical,WARRIOR,4,632,560,488,320,104,32,32,32,632,0
铸铁,破浪回神,physical,WARRIOR,4,804,717,630,427,166,40,40,40,804,0
赤冬,信影流·雷刀之势,physical,WARRIOR,4,532,479,425,300,139,27,27,27,532,0
赤冬,信影流·十文字胜,physical,WARRIOR,4,55,50,45,34,19,3,3,3,55,0
羽毛笔,收割,physical,WARRIOR,4,1267,1130,993,673,262,63,63,63,1267,0
海沫,泡影，殆尽,physical,WARRIOR,4,757,657,557,324,38,38,38,38,757,0
龙舌兰,当机立断,physical,WARRIOR,4,401,307,213,20,20,20,20,20,401,0
龙舌兰,剑走偏锋,physical,WARRIOR,4,452,374,296,113,23,23,23,23,452,0
奥达,锻锤之力,physical,WARRIOR,4,978,933,887,781,645,372,49,49,978,0
聆音,开颅挽歌,physical,WARRIOR,4,908,824,741,546,296,124,124,124,908,0
聆音,破膛弥撒,physical,WARRIOR,4,165,155,145,122,92,32,8,8,165,0
祐天寺若麦,如焰般热烈,physical,WARRIOR,4,1195,1115,1035,849,609,129,60,60,1195,0
祐天寺若麦,如麦般生长,physical,WARRIOR,4,948,867,786,596,353,47,47,47,948,0
哈蒂娅,剑角之锋,physical,WARRIOR,4,785,708,630,450,217,39,39,39,785,0
雷狼龙S空爆,超高输出属性解放斩,mixed,WARRIOR,4,293,255,218,130,18,15,15,15,293,0
蓝毒,毒液散射,physical,SNIPER,4,1408,1188,968,455,70,70,70,70,1408,0
白金,攻击力强化·γ型,physical,SNIPER,4,827,727,627,393,93,41,41,41,827,0
白金,天马视域,physical,SNIPER,4,25,22,19,12,3,1,1,1,25,0
灰喉,飞羽,physical,SNIPER,4,652,540,427,165,33,33,33,33,652,0
灰喉,回流,physical,SNIPER,4,956,791,626,241,48,48,48,48,956,0
四月,灵活伪装,physical,SNIPER,4,508,448,388,248,68,25,25,25,508,0
寒芒克洛丝,无痕,physical,SNIPER,4,851,701,551,201,43,43,43,43,851,0
隐现,“不惹麻烦”,physical,SNIPER,4,1460,1310,1160,810,360,73,73,73,1460,0
隐现,“解决麻烦”,physical,SNIPER,4,1294,1161,1028,718,319,65,65,65,1294,0
陨星,高爆弹头,physical,SNIPER,4,162,157,152,141,126,96,29,8,162,0
慑砂,攻击力强化·γ型,physical,SNIPER,4,435,401,368,290,190,22,22,22,435,0
慑砂,延时震荡零件,physical,SNIPER,4,469,439,409,339,249,69,23,23,469,0
截云,探前路,physical,SNIPER,4,558,518,478,385,265,28,28,28,558,0
截云,掷旧尘,physical,SNIPER,4,1569,1419,1269,919,469,78,78,78,1569,0
送葬人,铳口收束,physical,SNIPER,4,388,347,306,211,88,19,19,19,388,0
奥斯塔,迅捷打击·γ型,physical,SNIPER,4,467,407,347,207,27,23,23,23,467,0
奥斯塔,影钉,physical,SNIPER,4,219,195,171,115,43,11,11,11,219,0
吉星,欢迎您来！,physical,SNIPER,4,278,238,199,107,14,14,14,14,278,0
吉星,吉星高照！,physical,SNIPER,4,357,322,287,205,99,18,18,18,357,0
天空盒,源石火药驾临,physical,SNIPER,4,369,350,332,288,232,119,18,18,369,0
天空盒,电磁脉冲恩宠,physical,SNIPER,4,908,851,793,658,485,139,45,45,908,0
阿米娅,精神爆发,arts,CASTER,4,337,337,337,337,337,337,337,337,337,0
阿米娅,奇美拉,true,CASTER,4,290,290,290,290,290,290,290,290,290,0
苦艾,执法模式,arts,CASTER,4,16,16,16,16,16,16,16,16,16,0
苦艾,终结连射,arts,CASTER,4,751,751,751,751,751,751,751,751,751,0
特米米,嘉维尔保护方案,arts,CASTER,4,543,543,543,543,543,543,543,543,543,0
天火,攻击力强化·γ型,arts,CASTER,4,336,336,336,336,336,336,336,336,336,0
天火,天坠之火,arts,CASTER,4,307,307,307,307,307,307,307,307,307,0
Pith,“为我所为”,arts,CASTER,4,313,313,313,313,313,313,313,313,313,0
惊蛰,攻击力强化·γ型,arts,CASTER,4,363,363,363,363,363,363,363,363,363,0
惊蛰,初雷,arts,CASTER,4,362,362,362,362,362,362,362,362,362,0
星源,双端导流,arts,CASTER,4,111,111,111,111,111,111,111,111,111,0
星源,星束交汇,arts,CASTER,4,213,213,213,213,213,213,213,213,213,0
蜜蜡,沙暴扩散,arts,CASTER,4,373,373,373,373,373,373,373,373,373,0
蜜蜡,守卫尖碑,arts,CASTER,4,700,700,700,700,700,700,700,700,700,0
莱恩哈特,攻击力强化·γ型,arts,CASTER,4,348,348,348,348,348,348,348,348,348,0
莱恩哈特,解构与爆破,arts,CASTER,4,113,113,113,113,113,113,113,113,113,0
寒檀,迅捷打击·γ型,arts,CASTER,4,400,400,400,400,400,400,400,400,400,0
寒檀,“女巫之泪”,arts,CASTER,4,689,689,689,689,689,689,689,689,689,0
复奏,合奏起拍,arts,CASTER,4,228,228,228,228,228,228,228,228,228,0
复奏,直到终曲,arts,CASTER,4,114,114,114,114,114,114,114,114,114,0
薄绿,风语,arts,CASTER,4,344,344,344,344,344,344,344,344,344,0
薄绿,聚能涡旋,arts,CASTER,4,298,298,298,298,298,298,298,298,298,0
爱丽丝,童话守卫者,arts,CASTER,4,39,39,39,39,39,39,39,39,39,0
爱丽丝,梦乡摇篮,arts,CASTER,4,177,177,177,177,177,177,177,177,177,0
和弦,轻巧舞步,arts,CASTER,4,39,39,39,39,39,39,39,39,39,0
戴菲恩,“贯注”,arts,CASTER,4,78,78,78,78,78,78,78,78,78,0
戴菲恩,“抢攻”,arts,CASTER,4,608,608,608,608,608,608,608,608,608,0
炎狱炎熔,焰淬匕首,arts,CASTER,4,146,146,146,146,146,146,146,146,146,0
炎狱炎熔,狱火之环,arts,CASTER,4,190,190,190,190,190,190,190,190,190,0
蚀清,专注力超载,arts,CASTER,4,285,285,285,285,285,285,285,285,285,0
蚀清,传导蚀滞弹,arts,CASTER,4,291,291,291,291,291,291,291,291,291,0
阿罗玛,强效清洁,arts,CASTER,4,189,189,189,189,189,189,189,189,189,0
阿罗玛,小心地滑,arts,CASTER,4,292,292,292,292,292,292,292,292,292,0
耶拉,攻击力强化·γ型,arts,CASTER,4,369,369,369,369,369,369,369,369,369,0
耶拉,心随意动,arts,CASTER,4,236,236,236,236,236,236,236,236,236,0
洛洛,自负此轭,arts,CASTER,4,506,506,506,506,506,506,506,506,506,0
至简,迅捷打击·γ型,arts,CASTER,4,321,321,321,321,321,321,321,321,321,0
至简,神工意匠,arts,CASTER,4,624,624,624,624,624,624,624,624,624,0
时隙,攻击力强化·γ型,arts,CASTER,4,388,388,388,388,388,388,388,388,388,0
时隙,科技与传统仪式,arts,CASTER,4,518,518,518,518,518,518,518,518,518,0
折光,镭射穿凿,arts,CASTER,4,664,664,664,664,664,664,664,664,664,0
温米,滔滔热流,arts,CASTER,4,445,445,445,445,445,445,445,445,445,0
Miss.Christine,自由用餐礼仪,arts,CASTER,4,381,381,381,381,381,381,381,381,381,0
Miss.Christine,狂饮之宴,arts,CASTER,4,324,324,324,324,324,324,324,324,324,0
特克诺,关节锁定,arts,CASTER,4,310,310,310,310,310,310,310,310,310,0
梅尔,爆破回收,arts,SUPPORT,4,83,83,83,83,83,83,83,83,83,0
稀音,保护色隐蔽,arts,SUPPORT,4,10,10,10,10,10,10,10,10,10,0
稀音,全景过载摄像,arts,SUPPORT,4,25,25,25,25,25,25,25,25,25,0
衡沙,权知轻重,arts,SUPPORT,4,15,15,15,15,15,15,15,15,15,0
亚叶,复合型药物弹片,arts,MEDIC,4,186,186,186,186,186,186,186,186,186,0
濯尘芙蓉,抚业之触,arts,MEDIC,4,260,260,260,260,260,260,260,260,260,0
刺玫,荆藤庇荫,arts,MEDIC,4,133,133,133,133,133,133,133,133,133,0
临光,急救模式,physical,TANK,4,324,276,228,116,16,16,16,16,324,0
吽,反制医疗模式,physical,TANK,4,318,258,198,58,16,16,16,16,318,0
深律,沉音宁神,physical,TANK,4,358,304,250,125,18,18,18,18,358,0
森西,单人份料理,physical,TANK,4,204,154,104,10,10,10,10,10,204,0
红,处决模式,physical,SPECIAL,4,747,655,564,350,75,37,37,37,747,0
卡夫卡,怪异魔方,arts,SPECIAL,4,146,146,146,146,146,146,146,146,146,0
卡夫卡,诡异剪刀,arts,SPECIAL,4,130,130,130,130,130,130,130,130,130,0
乌有,阴晴圆缺,physical,SPECIAL,4,266,236,206,136,46,13,13,13,266,0
裁度,量衣尺,physical,SPECIAL,4,334,297,259,172,59,17,17,17,334,0
裁度,缝线缠身,physical,SPECIAL,4,122,108,94,63,22,6,6,6,122,0
雷蛇,反击电弧,arts,TANK,4,626,626,626,626,626,626,626,626,626,0
深巡,侵袭破坏应对,physical,TANK,4,447,363,280,86,22,22,22,22,447,0
深巡,行动能力剥夺,physical,TANK,4,658,535,412,126,33,33,33,33,658,0
火神,武力模式,physical,TANK,4,816,759,703,572,403,66,41,41,816,0
折桠,生存决心,physical,TANK,4,695,647,599,486,342,52,35,35,695,0
石棉,固守模式,physical,TANK,4,151,106,61,8,8,8,8,8,151,0
石棉,火电模式,physical,TANK,4,487,434,380,255,94,24,24,24,487,0
暮落,燃命狂欢,physical,TANK,4,3528,2808,2088,408,176,176,176,176,3528,0
车尔尼,纷飞十指,physical,TANK,4,503,440,377,230,41,25,25,25,503,0
车尔尼,曲惊四座,arts,TANK,4,519,519,519,519,519,519,519,519,519,0
闪击,突破防线,physical,TANK,4,838,722,606,335,42,42,42,42,838,0
灰毫,攻击力强化·γ型,physical,TANK,4,482,448,415,337,237,37,24,24,482,0
灰毫,专注轰击,physical,TANK,4,373,340,307,229,129,19,19,19,373,0
火哨,野火,mixed,TANK,4,270,251,233,189,133,20,14,14,270,0
火哨,焦土,arts,TANK,4,491,491,491,491,491,491,491,491,491,0
极光,人工降雪,physical,TANK,4,863,842,820,770,706,577,292,43,863,0
洋灰,突破矿层,physical,TANK,4,684,650,617,539,439,239,34,34,684,0
菲莱,冥河诅咒,arts,TANK,4,40,40,40,40,40,40,40,40,40,0
普罗旺斯,杀戮嗅觉,physical,SNIPER,4,957,909,860,747,602,311,48,48,957,0
玫拉,饱和脉冲,physical,SNIPER,4,715,675,635,541,421,181,36,36,715,0
玫拉,临界爆发,physical,SNIPER,4,532,515,498,459,409,309,87,27,532,0
守林人,环境伪装,physical,SNIPER,4,552,513,475,385,269,37,28,28,552,0
守林人,战术电台,physical,SNIPER,4,189,182,174,157,134,89,9,9,189,0
安哲拉,攻击力强化·γ型,physical,SNIPER,4,694,651,607,506,376,116,35,35,694,0
安哲拉,阻滞射击战术,physical,SNIPER,4,1180,1136,1093,992,862,602,59,59,1180,0
子月,狩猎时刻,physical,SNIPER,4,489,457,425,350,254,61,24,24,489,0
熔泉,信号矢,physical,SNIPER,4,540,500,460,366,246,27,27,27,540,0
熔泉,便携破城矢,physical,SNIPER,4,642,607,571,488,380,166,32,32,642,0
埃拉托,安眠旋律,physical,SNIPER,4,293,276,259,220,170,70,15,15,293,0
埃拉托,英雄赞歌,physical,SNIPER,4,658,598,538,398,218,33,33,33,658,0
矩,良翼难乘,physical,SNIPER,4,603,563,523,429,309,69,30,30,603,0
承曦格雷伊,迅捷打击·γ型,physical,SNIPER,4,461,395,330,177,23,23,23,23,461,0
承曦格雷伊,晨曦信标,arts,SNIPER,4,30,30,30,30,30,30,30,30,30,0
冰酿,攻击力强化·γ型,physical,SNIPER,4,910,850,790,650,470,110,46,46,910,0
冰酿,酣醉之夜,physical,SNIPER,4,1241,1173,1105,946,741,332,62,62,1241,0
水灯心,可驯服的,physical,SNIPER,4,1246,1096,946,596,146,62,62,62,1246,0
空构,临场铳械改装,physical,SPECIAL,4,680,575,470,225,34,34,34,34,680,0
崖心,锁链勾爪,arts,SPECIAL,4,378,378,378,378,378,378,378,378,378,0
崖心,束缚链,physical,SPECIAL,4,420,390,360,290,200,21,21,21,420,0
雪雉,倒刺钩爪,physical,SPECIAL,4,253,223,193,123,33,13,13,13,253,0
雪雉,伸缩式电捕网,arts,SPECIAL,4,170,170,170,170,170,170,170,170,170,0
杏仁,磁力抓取,physical,SPECIAL,4,443,387,331,199,31,22,22,22,443,0
杏仁,强力牵引,physical,SPECIAL,4,89,79,68,43,11,4,4,4,89,0
巫恋,病入膏肓,arts,SUPPORT,4,9,9,9,9,9,9,9,9,9,0
海霓,阻滞性显色剂,arts,SUPPORT,4,291,291,291,291,291,291,291,291,291,0
真理,文学风暴,arts,SUPPORT,4,290,290,290,290,290,290,290,290,290,0
格劳克斯,双线装填,arts,SUPPORT,4,228,228,228,228,228,228,228,228,228,0
但书,纠纷起诉,arts,SUPPORT,4,323,323,323,323,323,323,323,323,323,0
但书,致胜立论,arts,SUPPORT,4,1225,1225,1225,1225,1225,1225,1225,1225,1225,0
小满,竹笛飞声,arts,SUPPORT,4,212,212,212,212,212,212,212,212,212,0
掠风,此身为筑,physical,SUPPORT,4,326,302,276,218,143,16,16,16,326,0
掠风,此身为源,arts,SUPPORT,4,380,380,380,380,380,380,380,380,380,0
阿兰娜,“万斤顶”,arts,SUPPORT,4,598,598,598,598,598,598,598,598,598,0
空,战斗之歌,arts,SUPPORT,4,324,324,324,324,324,324,324,324,324,0
海蒂,虚构故事·怒士,arts,SUPPORT,4,289,289,289,289,289,289,289,289,289,0
三角初华,我悲悯的,arts,SUPPORT,4,131,131,131,131,131,131,131,131,131,0
九色鹿,人间降吉,arts,SUPPORT,4,236,236,236,236,236,236,236,236,236,0
夏栎,大地的慈悲,arts,SUPPORT,4,14,14,14,14,14,14,14,14,14,0
凛视,我见崩毁之前,arts,SUPPORT,4,84,84,84,84,84,84,84,84,84,0
波卜,非和平劝说,arts,SUPPORT,4,83,83,83,83,83,83,83,83,83,0
波卜,“此路不通”,arts,SUPPORT,4,197,197,197,197,197,197,197,197,197,0
伯塔尼,谐波破坏,arts,SUPPORT,4,94,94,94,94,94,94,94,94,94,0
佩德洛,交替撤离,arts,SUPPORT,4,408,408,408,408,408,408,408,408,408,0
狮蝎,蓄力毒尾击,physical,SPECIAL,4,407,386,365,316,253,127,20,20,407,0
绮良,锚点捕捉,arts,SPECIAL,4,49,49,49,49,49,49,49,49,49,0
八幡海铃,颤栗之弦,arts,SPECIAL,4,0,0,0,0,0,0,0,0,0,0
八幡海铃,无存之所,arts,SPECIAL,4,97,97,97,97,97,97,97,97,97,0
食铁兽,崩拳式,physical,SPECIAL,4,90,82,75,58,35,4,4,4,90,0
罗宾,束缚“夹子”,physical,SPECIAL,4,173,161,148,119,82,9,9,9,173,0
罗宾,弹射“夹子”,physical,SPECIAL,4,188,176,163,134,96,21,9,9,188,0
霜华,陷阱部署,physical,SPECIAL,4,180,167,155,126,88,13,9,9,180,0
霜华,击倒猎物,physical,SPECIAL,4,92,80,67,38,5,5,5,5,92,0
钼铅,“驱兽专用”,physical,SPECIAL,4,76,69,61,44,21,4,4,4,76,0
钼铅,“顽石专用”,physical,SPECIAL,4,61,55,49,35,17,3,3,3,61,0
贝娜,奋力修剪,physical,SPECIAL,4,850,798,746,625,469,157,43,43,850,0
贝娜,快速修剪,physical,SPECIAL,4,1723,1552,1382,984,471,86,86,86,1723,0
风丸,纸艺·双影,physical,SPECIAL,4,74,68,62,48,30,4,4,4,74,0
若叶睦,破坏与滋养,arts,SPECIAL,4,419,419,419,419,419,419,419,419,419,0
锡人,“大拉里”,arts,SPECIAL,4,94,94,94,94,94,94,94,94,94,0
蒂比,专业喷绘技巧,physical,SPECIAL,4,816,738,660,478,244,41,41,41,816,0
蒂比,紧急赶场通知,arts,SPECIAL,4,471,471,471,471,471,471,471,471,471,0
响石,震撼型指路,arts,TANK,4,48,48,48,48,48,48,48,48,48,0
格拉尼,永不后退！,physical,PIONEER,4,596,506,416,206,30,30,30,30,596,0
夜烟,攻击力强化·β型,arts,CASTER,3,295,295,295,295,295,295,295,295,295,0
夜烟,赤色之瞳,arts,CASTER,3,437,437,437,437,437,437,437,437,437,0
远山,命运,arts,CASTER,3,293,293,293,293,293,293,293,293,293,0
协律,反拍重音,arts,CASTER,3,190,190,190,190,190,190,190,190,190,0
协律,震爆调谐,arts,CASTER,3,70,70,70,70,70,70,70,70,70,0
卡达,攻击力强化·β型,arts,CASTER,3,253,253,253,253,253,253,253,253,253,0
卡达,同步索敌攻击,arts,CASTER,3,267,267,267,267,267,267,267,267,267,0
深靛,灯塔守卫者,arts,CASTER,3,37,37,37,37,37,37,37,37,37,0
布丁,扩散电流,arts,CASTER,3,307,307,307,307,307,307,307,307,307,0
杰西卡,掩护烟幕,physical,SNIPER,3,749,646,543,301,37,37,37,37,749,0
流星,碎甲击,physical,SNIPER,3,1008,858,708,358,50,50,50,50,1008,0
流星,碎甲击·扩散,physical,SNIPER,3,224,194,164,94,11,11,11,11,224,0
红云,攻击力强化·β型,physical,SNIPER,3,523,448,373,198,26,26,26,26,523,0
红云,双弦开弓,physical,SNIPER,3,562,462,362,128,28,28,28,28,562,0
梅,束缚电击,physical,SNIPER,3,618,552,486,332,134,31,31,31,618,0
预备干员-狙击,攻击力强化·β型,physical,SNIPER,3,502,427,352,177,25,25,25,25,502,0
预备干员-狙击,攻击力强化·γ型,physical,SNIPER,3,743,643,543,310,37,37,37,37,743,0
白雪,凝武,arts,SNIPER,3,124,124,124,124,124,124,124,124,124,0
松果,RMA长钉,physical,SNIPER,3,169,169,164,125,75,8,8,8,169,0
安比尔,雷达定位,physical,SNIPER,3,453,423,393,323,233,53,23,23,453,0
酸糖,扳机时刻,physical,SNIPER,3,456,396,336,196,23,23,23,23,456,0
铅踝,破虹,physical,SNIPER,3,1172,1112,1052,912,732,372,59,59,1172,0
跃跃,乐趣加倍,physical,SNIPER,3,1112,962,812,462,56,56,56,56,1112,0
清道夫,冲锋号令·攻击,physical,PIONEER,3,41,36,30,17,2,2,2,2,41,0
红豆,攻击力强化·β型,physical,PIONEER,3,616,541,466,291,66,31,31,31,616,0
红豆,槌音,physical,PIONEER,3,912,845,779,623,423,46,46,46,912,0
杜宾,鞭策,physical,WARRIOR,3,690,614,538,360,130,35,35,35,690,0
缠丸,恶鬼之力,physical,WARRIOR,3,809,759,709,592,442,142,40,40,809,0
断罪者,断罪,physical,WARRIOR,3,516,478,440,353,240,26,26,26,516,0
预备干员-近卫,攻击力强化·β型,physical,WARRIOR,3,541,493,445,333,189,27,27,27,541,0
预备干员-近卫,攻击力强化·γ型,physical,WARRIOR,3,835,769,702,546,346,42,42,42,835,0
霜叶,寒霜枪刃,physical,WARRIOR,3,178,152,128,69,9,9,9,9,178,0
艾丝黛尔,攻击力强化·β型,physical,WARRIOR,3,534,474,414,274,94,27,27,27,534,0
艾丝黛尔,舍身突击,physical,WARRIOR,3,1484,1364,1244,964,604,74,74,74,1484,0
慕斯,炸毛,physical,WARRIOR,3,533,469,405,256,64,27,27,27,533,0
宴,落地斩·破门,physical,WARRIOR,3,24,22,20,15,9,1,1,1,24,0
芳汀,小玩笑,physical,WARRIOR,3,533,461,389,221,27,27,27,27,533,0
芳汀,致命恶作剧,arts,WARRIOR,3,460,460,460,460,460,460,460,460,460,0
罗小黑,碎金为刃,physical,WARRIOR,3,490,490,452,321,152,24,24,24,490,0
石英,攻击力强化·β型,physical,WARRIOR,3,627,597,567,497,407,227,31,31,627,0
石英,全力相搏,physical,WARRIOR,3,762,709,657,534,377,62,38,38,762,0
骋风,招无虚发,physical,WARRIOR,3,274,214,154,14,14,14,14,14,274,0
预备干员-特种,一击即退·β型,physical,SPECIAL,3,39,30,22,3,2,2,2,2,39,0
预备干员-特种,一击即退·γ型,physical,SPECIAL,3,46,38,30,10,2,2,2,2,46,0
孑,断螯,physical,SPECIAL,3,325,287,250,162,50,16,16,16,325,0
孑,刺身拼盘,physical,SPECIAL,3,153,134,115,72,15,8,8,8,153,0
暗索,勾爪发射,physical,SPECIAL,3,288,258,228,158,68,14,14,14,288,0
暗索,复式勾爪,physical,SPECIAL,3,342,312,282,212,122,17,17,17,342,0
泡泡,“挨打”,physical,TANK,3,3,0,0,0,0,0,0,0,3,0
古米,食粮烹制,physical,TANK,3,265,220,175,70,13,13,13,13,265,0
坚雷,攻击力强化·β型,physical,TANK,3,416,371,326,221,86,21,21,21,416,0
坚雷,起盾回击,physical,TANK,3,832,742,652,442,172,42,42,42,832,0
深海色,光影之触,arts,SUPPORT,3,168,168,168,168,168,168,168,168,168,0
地灵,攻击力强化·β型,arts,SUPPORT,3,198,198,198,198,198,198,198,198,198,0
波登可,花香疗法,arts,SUPPORT,3,264,264,264,264,264,264,264,264,264,0
波登可,孢子扩散,arts,SUPPORT,3,31,31,31,31,31,31,31,31,31,0
罗比菈塔,叙拉古式上妆,arts,SUPPORT,3,350,350,350,350,350,350,350,350,350,0
伊桑,十字悬挂,physical,SPECIAL,3,198,176,155,104,38,10,10,10,198,0
阿消,水蒸气泵,physical,SPECIAL,3,194,164,134,64,10,10,10,10,194,0
阿消,高压水炮,physical,SPECIAL,3,114,106,97,76,50,6,6,6,114,0
云迹,紧急升空,physical,SPECIAL,3,19,17,14,9,3,1,1,1,19,0
云迹,掠空飞翎,physical,SPECIAL,3,691,616,541,366,141,35,35,35,691,0
杰克,全神贯注！,physical,WARRIOR,3,420,357,293,144,21,21,21,21,420,0
