char_name,profession,sub_profession,rarity,max_hp,atk,def,magic_resistance,base_attack_time,attack_speed_bonus,cost,block_cnt,module_used
阿,SPECIAL,geek,5,2484,828.0,152.0,10.0,1.3,5.0,11.0,1.0,毒医残章
艾拉,SPECIAL,traper,5,1468,755.0,203.0,0.0,0.85,0.0,10.0,1.0,社会期望背包
艾丽妮,WARRIOR,sword,5,2935,804.0,369.0,0.0,1.3,28.0,21.0,2.0,审判官口粮
艾雅法拉,CASTER,corecaster,5,1923,1025.5,122.0,20.0,1.6,0.0,19.0,1.0,“错过的声音”
安洁莉娜,SUPPORT,slower,5,1385,707.0,120.0,25.0,1.9,7.0,14.0,1.0,安洁莉娜特限证章
阿斯卡纶,SPECIAL,stalker,5,1983,1034.0,433.0,30.0,3.5,10.0,19.0,0.0,“阿斯卡纶的眼睛”
百炼嘉维尔,WARRIOR,centurion,5,3106,1054.5,557.8,0.0,1.2,0.0,22.0,3.0,嘉维尔的折磨
白铁,SUPPORT,craftsman,5,2723,703.0,506.0,0.0,1.5,5.0,17.0,2.0,铁钳号·爬行者
贝洛内,WARRIOR,fighter,5,2855,769.0,385.0,0.0,0.78,0.0,9.0,1.0,实用的工具
陈,WARRIOR,sword,5,2880,890.9,515.0,0.0,1.3,0.0,21.0,2.0,往昔时光
澄闪,CASTER,funnel,5,1480,461.0,125.0,20.0,1.3,7.0,20.0,1.0,梦想终将实现
赤刃明霄陈,WARRIOR,artsfghter,5,3330,995.3,425.0,15.0,1.25,16.0,19.0,1.0,记忆残页
斥罪,TANK,unyield,5,4655,1029.0,686.0,10.0,1.6,0.0,34.0,3.0,“无罪”
重岳,WARRIOR,fighter,5,2635,749.0,428.0,0.0,0.78,0.0,9.0,1.0,“朔”
纯烬艾雅法拉,MEDIC,wandermedic,5,1770,552.0,109.0,10.0,2.85,0.0,14.0,1.0,想要留下的生命
淬羽赫默,SUPPORT,blessing,5,2669,592.0,184.0,25.0,1.6,0.0,12.0,1.0,难得清醒
嵯峨,PIONEER,pioneer,5,2205,710.0,416.0,0.0,1.05,0.0,12.0,2.0,何处寻驮？
电弧,SUPPORT,summoner,5,1574,661.2,187.4,20.0,1.6,0.0,10.0,1.0,新起点
涤火杰西卡,TANK,shotprotector,5,3933,693.0,915.7,0.0,1.2,0.0,21.0,3.0,未曾风化
多萝西,SPECIAL,traper,5,1502,763.0,202.0,0.0,0.85,0.0,10.0,1.0,梦中人
菲亚梅塔,SNIPER,aoesniper,5,2041,1086.0,156.0,0.0,2.8,60.0,27.0,1.0,菲亚梅塔特限证章
丰川祥子,WARRIOR,lord,5,2656,874.0,425.0,10.0,1.3,23.0,18.0,2.0,无言的约定
风笛,PIONEER,charger,5,2484,781.0,402.0,0.0,1.0,0.0,11.0,1.0,“棍棒与口袋”
歌蕾蒂娅,SPECIAL,hookmaster,5,2309,925.0,426.0,0.0,1.8,0.0,13.0,2.0,淡金坠饰
归溟幽灵鲨,SPECIAL,dollkeeper,5,3755,933.0,352.0,0.0,1.2,0.0,14.0,2.0,“唱片”收藏箱
号角,TANK,fortress,5,5575,1421.9,775.0,0.0,2.8,25.0,26.0,3.0,旧日新装
赫德雷,WARRIOR,crusher,5,7138,1861.0,0.0,0.0,2.5,0.0,22.0,2.0,笔迹
黑,SNIPER,closerange,5,1833,1199.0,240.8,0.0,1.6,0.0,18.0,1.0,老剃刀
黑键,CASTER,mystic,5,1853,1737.0,135.0,20.0,3.0,30.0,23.0,1.0,“乐理阐释者”
赫拉格,WARRIOR,musha,5,4575,948.0,334.0,0.0,1.2,0.0,24.0,1.0,藏锋
鸿雪,SNIPER,closerange,5,1802,1096.0,239.0,0.0,1.6,0.0,18.0,1.0,仪式感
煌,WARRIOR,centurion,5,3106,939.0,415.0,0.0,1.2,0.0,22.0,3.0,过载的武器与过热的心脏
荒芜拉普兰德,CASTER,funnel,5,1663,460.0,117.0,20.0,1.3,10.0,20.0,1.0,狼时
灰烬,SNIPER,fastshot,5,1889,691.0,169.0,0.0,1.0,8.0,12.0,1.0,破墙榴弹战术收纳包
霍尔海雅,CASTER,corecaster,5,1900,830.0,130.0,20.0,1.6,0.0,19.0,1.0,霍尔海雅特限证章
锏,WARRIOR,sword,5,3041,851.0,389.0,0.0,1.3,0.0,21.0,2.0,新合同
缄默德克萨斯,SPECIAL,executor,5,1758,900.0,320.0,0.0,0.93,17.0,8.0,1.0,“新车和新生活”
假日威龙陈,SNIPER,reaperrange,5,2681,986.0,203.0,0.0,2.3,0.0,22.0,1.0,假期的最后一天
棘刺,WARRIOR,lord,5,2762,842.0,472.0,10.0,1.3,7.0,18.0,2.0,沙蚀
酒神,SUPPORT,ritualist,5,1700,595.0,104.0,15.0,1.6,-24.0,14.0,1.0,酒神之心
机械师,TANK,shotprotector,5,3631,673.0,873.0,0.0,1.2,0.0,21.0,3.0,机械师特勤证章
凯尔希,MEDIC,physician,5,2033,575.0,280.0,0.0,2.85,0.0,18.0,1.0,Mon2tr
凯尔希·思衡托,MEDIC,watchman,5,2756,535.0,397.8,0.0,2.85,0.0,17.0,1.0,
卡涅利安,CASTER,phalanx,5,2106,1055.0,296.0,15.0,2.0,0.0,22.0,1.0,乡音
刻俄柏,CASTER,corecaster,5,1745,916.9,128.0,20.0,1.6,8.0,19.0,1.0,“很干的面包”
可露希尔,PIONEER,tactician,5,1942,642.6,176.0,0.0,1.0,0.0,7.0,1.0,给自己的小奖杯
空弦,SNIPER,fastshot,5,1705,1050.0,172.0,0.0,1.0,8.0,12.0,1.0,空弦特限证章
傀影,SPECIAL,executor,5,1775,819.5,352.0,0.0,0.93,0.0,8.0,1.0,“如影随形”
莱伊,SNIPER,hunter,5,2133,1434.4,228.0,0.0,1.6,7.0,19.0,1.0,证明什么？
老鲤,SPECIAL,merchant,5,2727,988.0,515.0,0.0,1.0,0.0,7.0,1.0,“但思善恶”
蕾缪安,SNIPER,longrange,5,1568,1731.1,175.0,0.0,2.7,0.0,20.0,1.0,“弹匣与花窗”
林,CASTER,phalanx,5,2048,1030.0,335.0,15.0,2.0,0.0,22.0,1.0,“七窍玲珑”
令,SUPPORT,summoner,5,1579,599.5,138.0,20.0,1.6,0.0,10.0,1.0,诗短梦长
铃兰,SUPPORT,slower,5,1600,1280.6,128.0,25.0,1.9,0.0,14.0,1.0,孩子们
灵知,SUPPORT,underminer,5,2135,628.0,132.0,25.0,1.6,0.0,11.0,1.0,灵知特限证章
领主·Sharp,WARRIOR,lord,5,2902,977.5,462.0,10.0,1.3,12.0,21.0,2.0,领主·Sharp证章
琳琅诗怀雅,SPECIAL,merchant,5,2660,1054.1,517.0,0.0,1.0,0.0,4.0,1.0,诗怀雅的龙门美食指南
凛御银灰,PIONEER,counsellor,5,2498,653.0,542.0,15.0,1.2,0.0,11.0,2.0,
流明,MEDIC,healer,5,1985,630.0,141.0,10.0,2.85,0.0,20.0,1.0,纯铜单筒望远镜
逻各斯,CASTER,corecaster,5,1833,855.0,119.0,10.0,1.6,0.0,19.0,1.0,来自河谷的笔盒
玛恩纳,WARRIOR,librator,5,4626,445.0,502.0,15.0,1.2,7.0,10.0,3.0,“鞘中人”
麦哲伦,SUPPORT,summoner,5,1553,582.0,140.0,20.0,1.6,0.0,10.0,1.0,专业无人机操作模块
玛露西尔,CASTER,splashcaster,5,1805,1425.0,175.5,20.0,2.9,32.0,24.0,1.0,才女的藏书
Mechanist,TANK,protector,5,3740,402.0,874.5,0.0,1.2,-7.0,22.0,3.0,Mechanist证章
迷迭香,SNIPER,bombarder,5,1944,870.0,275.0,15.0,2.1,7.0,23.0,1.0,迷迭香特限证章
Misery,SPECIAL,executor,5,1594,738.3,321.0,0.0,0.93,0.0,9.0,1.0,Misery证章
缪尔赛思,PIONEER,tactician,5,1983,590.0,185.0,0.0,1.0,0.0,11.0,1.0,落叶四季
谬因,CASTER,blastcaster,5,1860,1472.9,128.0,20.0,2.9,0.0,24.0,1.0,第三相态
Mon3tr,MEDIC,chainhealer,5,2235,842.4,261.0,0.0,2.85,22.0,16.0,1.0,记忆存档
莫斯提马,CASTER,splashcaster,5,1831,1055.0,132.0,20.0,2.9,7.0,24.0,1.0,锁与匙之家
魔王,SUPPORT,bard,5,2208,460.1,236.0,0.0,1.3,0.0,7.0,1.0,故事的结局
娜仁图亚,SNIPER,loopshooter,5,2500,837.0,215.0,0.0,1.0,0.0,14.0,1.0,“吹尽狂沙”
娜斯提,SUPPORT,craftsman,5,3010,679.0,521.0,0.0,1.5,0.0,17.0,2.0,工程师们
能天使,SNIPER,fastshot,5,1890,756.0,204.0,0.0,1.0,15.0,12.0,1.0,欢迎光临，企鹅物流
年,TANK,protector,5,5811,713.0,856.0,0.0,1.5,0.0,21.0,4.0,“请勿叩门”
妮芙,CASTER,primcaster,5,1800,877.6,129.0,15.0,1.6,12.0,19.0,1.0,心声
泥岩,TANK,unyield,5,4428,967.0,761.0,10.0,1.6,0.0,34.0,3.0,沃土的愿景
怒潮凛冬,WARRIOR,hammer,5,3330,1693.3,593.5,0.0,1.8,0.0,18.0,2.0,迟到的勋章
帕拉斯,WARRIOR,instructor,5,2473,845.0,455.0,0.0,1.05,0.0,15.0,2.0,“故乡的山岩”
佩佩,WARRIOR,hammer,5,3151,1809.6,432.0,0.0,1.8,0.0,18.0,2.0,晴雨
Pith,CASTER,splashcaster,5,1950,1302.0,112.0,20.0,2.9,0.0,33.0,1.0,Pith证章
麒麟R夜刀,SPECIAL,executor,5,1829,843.3,318.0,0.0,0.93,0.0,8.0,1.0,罗德岛制式双刀
琴柳,PIONEER,bearer,5,2035,679.0,407.0,0.0,1.3,0.0,10.0,1.0,牧人的歌
仇白,WARRIOR,lord,5,2480,849.0,497.0,10.0,1.3,7.0,18.0,2.0,雪浸过的斗笠
Raidian,SUPPORT,slower,5,1548,627.0,125.0,25.0,1.9,20.0,16.0,1.0,Raidian证章
忍冬,PIONEER,pioneer,5,2300,702.0,400.0,0.0,1.05,0.0,12.0,2.0,剑舞
塞雷娅,TANK,guardian,5,3500,641.3,716.1,10.0,1.2,0.0,20.0,3.0,闲置的拳击手套
森蚺,TANK,duelist,5,4848,1207.0,712.0,0.0,1.6,0.0,31.0,1.0,森蚺特限证章
山,WARRIOR,fighter,5,2995,730.9,482.4,0.0,0.78,0.0,9.0,1.0,“夜深人静”
珊比,TANK,primprotector,5,4534,787.0,604.0,10.0,1.6,0.0,24.0,3.0,出发的勇气
闪灵,MEDIC,physician,5,1613,841.2,268.0,0.0,2.85,18.0,18.0,1.0,“使徒”
Sharp,WARRIOR,fearless,5,4012,1362.0,287.0,0.0,1.5,10.0,20.0,1.0,Sharp证章
圣聆初雪,CASTER,phalanx,5,2058,1025.0,333.0,15.0,2.0,0.0,22.0,1.0,千分之一的心
圣约送葬人,WARRIOR,reaper,5,2841,989.0,513.0,0.0,1.3,12.0,21.0,2.0,已知悉
史尔特尔,WARRIOR,artsfghter,5,2916,860.0,414.0,20.0,1.25,0.0,19.0,1.0,萨米的不灭心脏碎片
弑君者,SPECIAL,executor,5,1830,723.0,325.0,0.0,0.93,0.0,9.0,1.0,木炭画
黍,TANK,guardian,5,4124,676.5,712.0,10.0,1.2,12.0,20.0,3.0,“钦天司时”
水月,SPECIAL,stalker,5,1998,1267.8,356.0,30.0,3.5,0.0,19.0,0.0,水月特限证章
斯卡蒂,WARRIOR,fearless,5,4186,1430.3,303.0,0.0,1.5,0.0,17.0,1.0,往日残梦
死芒,CASTER,soulcaster,5,2126,762.0,179.0,30.0,1.6,0.0,19.0,1.0,未处理的遗产
司霆惊蛰,WARRIOR,librator,5,4583,461.0,527.0,15.0,1.2,0.0,10.0,3.0,“一念”
伺夜,PIONEER,tactician,5,1905,592.0,154.0,0.0,1.0,0.0,14.0,1.0,时光不再
Stormeye,SNIPER,fastshot,5,1750,650.0,160.0,0.0,1.0,0.0,13.0,1.0,Stormeye证章
溯光星源,SUPPORT,slower,5,1535,737.0,125.0,25.0,1.9,1.0,15.0,1.0,探索者的收藏
塑心,SUPPORT,ritualist,5,1711,588.0,109.0,15.0,1.6,0.0,14.0,1.0,强弱法
提丰,SNIPER,siegesniper,5,1702,1283.0,113.0,0.0,2.4,7.0,22.0,1.0,冰原的影子
缇缇,MEDIC,incantationmedic,5,1755,677.0,117.0,20.0,1.6,22.0,15.0,1.0,远方的礼物
Touch,MEDIC,physician,5,1710,645.0,145.0,0.0,2.85,0.0,19.0,1.0,Touch证章
推进之王,PIONEER,pioneer,5,2511,750.2,449.9,0.0,1.05,0.0,12.0,2.0,“初诺”
W,SNIPER,aoesniper,5,1805,1146.1,133.0,0.0,2.8,0.0,27.0,1.0,刺棱钝刃
望,SPECIAL,traper,5,1630,756.0,174.0,0.0,0.85,0.0,10.0,1.0,兽形棋盒
维娜·维多利亚,WARRIOR,artsfghter,5,2895,898.9,493.0,15.0,1.25,0.0,19.0,1.0,秩序圣“球”
维什戴尔,SNIPER,bombarder,5,1888,874.0,256.0,15.0,2.1,7.0,23.0,1.0,“祖宗发射器”
薇薇安娜,WARRIOR,artsfghter,5,3340,834.0,447.0,15.0,1.25,0.0,19.0,1.0,目不能及之处
维伊,CASTER,mystic,5,1970,1825.6,121.0,20.0,3.0,45.0,24.0,1.0,军械库
温蒂,SPECIAL,pusher,5,2483,952.8,439.0,0.0,1.2,0.0,19.0,2.0,仿生海龙改型
乌尔比安,WARRIOR,crusher,5,7402,1844.0,0.0,0.0,2.5,0.0,22.0,2.0,乌尔比安的衣橱
夕,CASTER,splashcaster,5,1801,1166.9,127.0,20.0,2.9,7.0,24.0,1.0,“终夜无寐”
瑕光,TANK,guardian,5,3702,676.0,601.0,10.0,1.2,0.0,20.0,3.0,“长骑”
星熊,TANK,protector,5,3850,756.0,986.0,0.0,1.2,0.0,21.0,4.0,友人们的赠礼
信仰搅拌机,TANK,shotprotector,5,3677,733.7,856.0,0.0,1.2,3.0,22.0,3.0,“老朋友”
新约能天使,SPECIAL,geek,5,2560,986.5,150.0,10.0,1.3,0.0,11.0,1.0,新朋友圣城生活套组
焰狐龙梓兰,SNIPER,closerange,5,1788,1310.4,247.0,0.0,1.6,0.0,18.0,1.0,梓兰特制箭靶
焰尾,PIONEER,pioneer,5,2138,706.0,440.0,0.0,1.05,0.0,15.0,2.0,她们的未来
焰影苇草,MEDIC,incantationmedic,5,1738,692.8,114.0,20.0,1.6,0.0,15.0,1.0,“独属自己的一隅”
遥,SUPPORT,blessing,5,2447,612.0,178.0,25.0,1.6,0.0,11.0,1.0,迟来的纪念
耀骑士临光,WARRIOR,fearless,5,4080,1289.0,295.0,0.0,1.5,0.0,17.0,1.0,耀阳锋刃
夜莺,MEDIC,ringhealer,5,1705,485.0,169.0,37.0,2.85,0.0,16.0,1.0,“封闭的希望”
伊芙利特,CASTER,blastcaster,5,1680,1087.0,130.0,19.6,2.9,7.0,32.0,1.0,“同熔”
异客,CASTER,chain,5,1618,996.6,130.0,20.0,2.3,0.0,31.0,1.0,王权金币
隐德来希,WARRIOR,reaper,5,2880,855.0,502.0,0.0,1.3,7.0,21.0,2.0,玫瑰色故事集
伊内丝,PIONEER,agent,5,2421,674.0,311.0,0.0,1.0,0.0,9.0,1.0,角部“护理”套组
银灰,WARRIOR,lord,5,2890,1090.9,447.0,10.0,1.3,0.0,18.0,2.0,雪境羽兽护理套组
引星棘刺,SPECIAL,alchemist,5,1493,703.3,106.0,42.0,1.5,0.0,16.0,1.0,三面的金币
余,TANK,primprotector,5,4303,800.0,607.0,10.0,1.6,0.0,24.0,3.0,人间百味
远牙,SNIPER,longrange,5,1642,1718.1,163.0,0.0,2.7,7.0,20.0,1.0,支持者来信
郁金香,PIONEER,pioneer,5,2095,715.0,418.0,0.0,1.05,0.0,14.0,2.0,郁金香证章
予愿安洁莉娜,SPECIAL,skywalker,5,2685,1025.4,520.0,0.0,1.5,0.0,16.0,2.0,
早露,SNIPER,siegesniper,5,1755,1454.6,152.0,0.0,2.4,0.0,22.0,1.0,“心”
斩业星熊,TANK,artsprotector,5,3876,922.3,646.0,15.0,1.6,0.0,24.0,3.0,无迹
真言,CASTER,primcaster,5,1753,873.0,130.0,15.0,1.6,0.0,19.0,1.0,中枢神经探测模块
止颂,WARRIOR,fearless,5,4332,1402.4,277.0,0.0,1.5,0.0,18.0,1.0,苦修者的抗压训练
烛煌,CASTER,primcaster,5,1728,870.0,131.0,15.0,1.6,0.0,19.0,1.0,沟通小助手
浊心斯卡蒂,SUPPORT,bard,5,1733,480.0,280.0,0.0,1.3,0.0,6.0,1.0,蜕化的残迹
左乐,WARRIOR,musha,5,4198,936.0,415.0,0.0,1.2,0.0,24.0,1.0,“岂苦夜长”
埃拉托,SNIPER,siegesniper,4,1928,1131.0,125.0,0.0,2.4,0.0,21.0,1.0,改弦更张
爱丽丝,CASTER,mystic,4,1535,1516.0,125.0,24.0,3.0,0.0,22.0,1.0,梦之城堡立体书
阿兰娜,SUPPORT,craftsman,4,2560,690.0,502.0,0.0,1.5,0.0,16.0,2.0,“随身保险杠”
阿罗玛,CASTER,blastcaster,4,1841,933.0,115.0,20.0,2.9,0.0,31.0,1.0,柠檬味的童年
阿米娅,CASTER,corecaster,4,2030,762.0,121.0,20.0,1.6,0.0,18.0,1.0,DWDB-221E
安哲拉,SNIPER,longrange,4,1919,1236.0,128.0,0.0,2.7,22.0,19.0,1.0,枪支调试工具组
奥达,WARRIOR,hammer,4,2843,1654.3,367.0,0.0,1.8,0.0,18.0,2.0,旧背包
奥斯塔,SNIPER,reaperrange,4,2576,832.0,192.0,0.0,2.3,0.0,29.0,1.0,逃亡路上的应急小包
八幡海铃,SPECIAL,stalker,4,2074,909.0,361.0,30.0,3.5,7.0,19.0,0.0,额外训练
摆渡人,WARRIOR,centurion,4,2972,876.0,333.0,0.0,1.2,0.0,22.0,3.0,回家的路
柏喙,WARRIOR,sword,4,2550,784.4,332.0,0.0,1.3,5.0,20.0,2.0,做工优良的衬衣
白金,SNIPER,fastshot,4,1720,643.0,165.0,0.0,1.0,0.0,11.0,1.0,独自旅行套装
白面鸮,MEDIC,ringhealer,4,1710,458.0,150.0,0.0,2.85,0.0,15.0,1.0,医疗环境分析装置
拜松,TANK,protector,4,3706,375.0,966.0,0.0,1.2,0.0,21.0,3.0,“一路以来”
暴行,WARRIOR,centurion,4,2680,920.0,488.7,8.0,1.2,0.0,22.0,3.0,未竟的旅程
暴雨,TANK,protector,4,4105,378.0,821.0,0.0,1.2,0.0,21.0,4.0,人气角色贴纸
贝娜,SPECIAL,dollkeeper,4,2815,797.0,315.0,0.0,1.2,0.0,14.0,2.0,《乔弗瑞古今童话集》精装本
鞭刃,WARRIOR,instructor,4,1932,727.0,583.7,0.0,1.05,8.0,15.0,2.0,加长鞭刃丝线
冰酿,SNIPER,hunter,4,2060,1138.0,224.0,0.0,1.6,0.0,18.0,1.0,“桀骜”
波卜,SUPPORT,ritualist,4,1305,542.0,138.0,15.0,1.6,0.0,13.0,1.0,社工课程二手教材
薄绿,CASTER,phalanx,4,2115,859.0,287.8,15.0,2.0,0.0,22.0,1.0,注意力保持装置
伯塔尼,SUPPORT,ritualist,4,1465,533.0,108.0,15.0,1.6,8.0,14.0,1.0,昨日、今日、明日
布洛卡,WARRIOR,centurion,4,2490,1094.8,464.1,0.0,1.2,0.0,21.0,3.0,“兄弟”
裁度,SPECIAL,merchant,4,2813,861.0,411.0,0.0,1.0,0.0,6.0,1.0,“头面人物”
苍苔,WARRIOR,instructor,4,2090,745.0,456.0,0.0,1.05,0.0,15.0,2.0,餐后好时光
车尔尼,TANK,artsprotector,4,3597,665.0,634.0,25.0,1.6,0.0,24.0,3.0,“日复一日”
承曦格雷伊,SNIPER,bombarder,4,2120,760.0,255.0,15.0,2.1,0.0,22.0,1.0,新型电控设备技术原型
赤冬,WARRIOR,musha,4,3635,828.0,510.7,0.0,1.2,0.0,23.0,1.0,武将甲胄
初雪,SUPPORT,underminer,4,1785,495.0,102.0,33.0,1.6,8.0,10.0,1.0,“续针”
刺玫,MEDIC,incantationmedic,4,1693,640.0,100.0,20.0,1.6,0.0,15.0,1.0,碎片
达格达,WARRIOR,fighter,4,3247,688.0,345.0,0.0,0.78,0.0,9.0,1.0,后街圆盾
戴菲恩,CASTER,mystic,4,1652,1462.0,128.0,20.0,3.0,30.0,23.0,1.0,正义黯淡
但书,SUPPORT,slower,4,1418,697.7,102.0,20.0,1.9,12.0,13.0,1.0,黛丝特的毕业礼
导火索,WARRIOR,centurion,4,2840,905.0,349.8,0.0,1.2,0.0,22.0,3.0,副语言符号展示系统
德克萨斯,PIONEER,pioneer,4,2105,636.0,365.0,0.0,1.05,0.0,11.0,2.0,外勤私人补给包
蒂比,SPECIAL,skywalker,4,2368,810.0,430.0,0.0,1.5,0.0,15.0,2.0,
断崖,WARRIOR,lord,4,2615,826.0,375.0,10.0,1.3,18.0,17.0,2.0,荒野便携提神剂
铎铃,WARRIOR,crusher,4,6878,2224.8,0.0,0.0,2.5,0.0,21.0,2.0,致继任者
渡桥,PIONEER,tactician,4,1520,595.0,122.0,0.0,1.0,0.0,12.0,1.0,内敛锋芒
菲莱,TANK,primprotector,4,3527,738.0,584.0,10.0,1.6,0.0,23.0,3.0,被摩挲的日子
风丸,SPECIAL,dollkeeper,4,2372,864.0,358.0,0.0,1.2,0.0,13.0,2.0,旧物
风絮,MEDIC,watchman,4,1810,505.0,225.0,0.0,2.85,0.0,16.0,1.0,
芙兰卡,WARRIOR,fearless,4,3988,1136.0,260.0,0.0,1.5,0.0,16.0,1.0,尖端铝热单元
复奏,CASTER,splashcaster,4,1670,982.0,125.0,20.0,2.9,0.0,23.0,1.0,“暮约”
格拉尼,PIONEER,charger,4,2435,552.0,504.0,0.0,1.0,0.0,11.0,1.0,骑警套装
格劳克斯,SUPPORT,slower,4,1687,608.0,100.0,20.0,1.9,0.0,13.0,1.0,外骨骼装备
瑰盐,MEDIC,ringhealer,4,1975,406.9,151.0,0.0,2.85,0.0,16.0,1.0,多彩盐漠生活
哈蒂娅,WARRIOR,mercenary,4,2895,645.8,393.0,10.0,1.25,0.0,8.0,2.0,
海蒂,SUPPORT,bard,4,1610,445.8,312.8,0.0,1.3,0.0,6.0,1.0,华贵璀璨的死斗
海沫,WARRIOR,reaper,4,2830,710.0,454.0,0.0,1.3,31.0,20.0,2.0,“启航”
海霓,SUPPORT,underminer,4,1625,538.0,136.0,33.0,1.6,0.0,10.0,1.0,多功能测绘仪-改良版
哈洛德,MEDIC,wandermedic,4,1640,452.0,100.0,10.0,2.85,0.0,14.0,1.0,腿部护理套装
寒芒克洛丝,SNIPER,fastshot,4,1710,608.0,176.0,0.0,1.0,0.0,12.0,1.0,真心的话和想冒的险
寒檀,CASTER,splashcaster,4,1795,1183.3,123.0,20.0,2.9,0.0,23.0,1.0,“冰焰”
赫默,MEDIC,physician,4,1715,581.0,142.0,0.0,2.85,25.0,17.0,1.0,紧急防卫程序
衡沙,SUPPORT,summoner,4,1351,525.0,160.0,28.0,1.6,0.0,9.0,1.0,过往留痕
和弦,CASTER,mystic,4,1546,1502.0,125.0,24.0,3.0,0.0,22.0,1.0,情报人员资料夹
红,SPECIAL,executor,4,1505,699.0,302.0,0.0,0.93,4.0,7.0,1.0,神秘的道具包
吽,TANK,guardian,4,3353,442.0,822.2,10.0,1.2,0.0,19.0,3.0,八点档情景剧录像带
红隼,PIONEER,pioneer,4,2140,618.0,382.0,0.0,1.05,0.0,11.0,2.0,威吓者
华法琳,MEDIC,physician,4,1600,654.0,125.0,0.0,2.85,0.0,17.0,1.0,应急储备
槐琥,SPECIAL,executor,4,1550,651.0,353.0,0.0,0.93,0.0,7.0,1.0,红眉咏春拳谱
灰毫,TANK,fortress,4,3532,1139.0,591.0,0.0,2.8,0.0,25.0,3.0,出门必备套装
灰喉,SNIPER,fastshot,4,1673,644.0,152.0,0.0,1.0,14.0,11.0,1.0,母爱的倒影
火龙S黑角,WARRIOR,musha,4,4018,874.2,391.0,0.0,1.2,0.0,23.0,1.0,黑角的随身笔记
火哨,TANK,fortress,4,2983,1226.4,811.2,0.0,2.8,0.0,25.0,3.0,“成长的足迹”
火神,TANK,unyield,4,4723,870.0,653.0,10.0,1.6,0.0,33.0,3.0,锻椎者
见行者,SPECIAL,pusher,4,2527,713.0,416.0,0.0,1.2,0.0,19.0,2.0,可执行的幻想
贾维,PIONEER,pioneer,4,1824,769.9,441.1,0.0,1.05,0.0,11.0,2.0,自制千斤顶
嘉辛塔,PIONEER,bearer,4,1783,502.0,515.0,0.0,1.3,0.0,9.0,1.0,弹射起步
截云,SNIPER,aoesniper,4,1830,1182.0,115.0,0.0,2.8,0.0,27.0,1.0,小石头
极光,TANK,duelist,4,4407,1046.0,722.0,0.0,1.6,0.0,30.0,1.0,盾用摄制模块
极境,PIONEER,bearer,4,1819,533.0,473.0,0.0,1.3,28.0,9.0,1.0,应急通讯指南
惊蛰,CASTER,chain,4,1548,813.0,119.0,20.0,2.3,0.0,30.0,1.0,“天地通明”
九色鹿,SUPPORT,blessing,4,2035,528.0,204.0,25.0,1.6,0.0,11.0,1.0,“仙药”
吉星,SNIPER,reaperrange,4,2500,875.0,190.0,0.0,2.3,0.0,29.0,1.0,可疑的宣传页
矩,SNIPER,siegesniper,4,1880,1164.0,120.0,0.0,2.4,0.0,22.0,1.0,田间吓兽人
卡夫卡,SPECIAL,executor,4,2295,748.8,311.0,0.0,0.93,0.0,7.0,1.0,魔方挂坠
凯瑟琳,SUPPORT,craftsman,4,2880,620.0,490.0,0.0,1.5,0.0,17.0,2.0,闲暇时分
可颂,TANK,protector,4,4020,380.0,864.0,0.0,1.2,0.0,20.0,4.0,作战靴
空,SUPPORT,bard,4,1696,439.6,258.0,0.0,1.3,0.0,5.0,1.0,“齐唱”
空构,SPECIAL,geek,4,2093,771.0,176.0,10.0,1.3,0.0,10.0,1.0,无人机喷涂套装
苦艾,CASTER,corecaster,4,1570,753.0,124.0,20.0,1.6,0.0,19.0,1.0,“监护者”单兵通讯单元
莱恩哈特,CASTER,splashcaster,4,1792,1013.2,120.0,20.0,2.9,0.0,31.0,1.0,传承与开拓
莱欧斯,WARRIOR,fearless,4,4088,1062.0,321.0,0.0,1.5,0.0,16.0,1.0,想要带回迷宫的包裹
蓝毒,SNIPER,fastshot,4,1230,664.0,130.0,5.0,1.0,12.0,11.0,1.0,标准比色卡
拉普兰德,WARRIOR,lord,4,2525,825.0,365.0,15.0,1.3,6.0,17.0,2.0,“幼狼的牙齿”
雷狼龙S空爆,WARRIOR,mercenary,4,3290,585.5,497.0,10.0,1.25,0.0,8.0,2.0,狩猎之路
雷蛇,TANK,shotprotector,4,3240,522.0,825.0,13.0,1.2,0.0,20.0,3.0,震撼存储
烈夏,WARRIOR,lord,4,2490,805.0,425.0,10.0,1.3,47.0,17.0,2.0,旧衣服
裂响,TANK,primprotector,4,3545,657.0,669.0,10.0,1.6,0.0,23.0,3.0,“漂洗”
凛冬,PIONEER,pioneer,4,2410,470.0,481.0,0.0,1.05,0.0,10.0,2.0,冬将军的毕业礼物
临光,TANK,guardian,4,3080,562.0,650.0,10.0,1.2,0.0,19.0,3.0,改良骑士盾牌
聆音,WARRIOR,primguard,4,2600,1050.9,350.0,10.0,1.2,0.0,20.0,2.0,
凛视,SUPPORT,ritualist,4,1492,570.1,101.0,15.0,1.6,7.0,12.0,1.0,启行未来的灯
历阵锐枪芬,PIONEER,charger,4,2226,730.0,360.0,0.0,1.0,5.0,10.0,1.0,一往无前
龙舌兰,WARRIOR,librator,4,4247,377.0,526.0,15.0,1.2,0.0,10.0,3.0,“双重身份”
罗宾,SPECIAL,traper,4,1827,594.0,166.0,0.0,0.85,0.0,10.0,1.0,限量版年历
洛洛,CASTER,funnel,4,1548,443.1,139.0,20.0,1.3,5.0,19.0,1.0,未命名的无人机
录武官,MEDIC,physician,4,1700,604.0,124.0,0.0,2.85,29.0,17.0,1.0,未完成的录武簿
掠风,SUPPORT,craftsman,4,2900,827.2,465.0,0.0,1.5,0.0,16.0,2.0,“灵机一动”
梅尔,SUPPORT,summoner,4,1388,518.0,130.0,28.0,1.6,-30.0,9.0,1.0,咪波控制终端XP
玫拉,SNIPER,closerange,4,1664,987.0,240.0,0.0,1.6,0.0,17.0,1.0,香薰耳坠
蜜蜡,CASTER,phalanx,4,2547,905.0,225.0,15.0,2.0,0.0,21.0,1.0,“司祭的祝福”
蜜莓,MEDIC,wandermedic,4,2068,429.0,107.0,10.0,2.85,6.0,13.0,1.0,落地之后
明椒,MEDIC,chainhealer,4,2066,574.0,171.0,0.0,2.85,0.0,16.0,1.0,“多彩人生”
Miss.Christine,CASTER,primcaster,4,1404,705.0,117.0,15.0,1.6,0.0,19.0,1.0,“黑色”贩卖机
谜图,PIONEER,agent,4,2080,639.0,264.0,0.0,1.0,0.0,9.0,1.0,首要任务
摩根,WARRIOR,fearless,4,4160,1062.0,268.0,0.0,1.5,0.0,17.0,1.0,“钢铁之心”
暮落,TANK,artsprotector,4,3090,947.6,585.0,14.7,1.6,30.0,23.0,3.0,票根收纳册
暮落,TANK,artsprotector,4,3090,746.3,550.0,15.0,1.6,30.0,25.0,3.0,
钼铅,SPECIAL,traper,4,1650,633.0,185.0,0.0,0.85,0.0,9.0,1.0,矿石展览柜
诺威尔,MEDIC,healer,4,1712,617.0,108.0,10.0,2.85,0.0,18.0,1.0,致祖父
佩德洛,SUPPORT,supportiveranger,4,1805,940.8,210.0,10.0,2.1,0.0,14.0,1.0,
Pith,CASTER,splashcaster,4,1655,821.0,128.0,20.0,2.9,0.0,32.0,1.0,
普罗旺斯,SNIPER,closerange,4,1680,956.0,260.0,0.0,1.6,0.0,17.0,1.0,尾巴养护套装
齐尔查克,PIONEER,agent,4,2280,560.0,342.0,0.0,1.0,7.0,8.0,1.0,原版开锁工具
绮良,SPECIAL,stalker,4,2310,888.0,400.0,30.0,3.5,0.0,18.0,0.0,《闹闹生存挑战3 联机版》
青枳,PIONEER,pioneer,4,3044,475.0,471.0,0.0,1.05,0.0,11.0,2.0,寻乡人的启明星
熔泉,SNIPER,siegesniper,4,1667,1158.0,158.0,0.0,2.4,0.0,21.0,1.0,弩箭调试箱
若叶睦,SPECIAL,dollkeeper,4,2740,792.0,529.1,0.0,1.2,0.0,13.0,2.0,睦的新朋友
桑葚,MEDIC,wandermedic,4,1597,553.3,99.0,10.0,2.85,0.0,13.0,1.0,宁心静神
三角初华,SUPPORT,bard,4,1610,421.0,253.0,0.0,1.3,0.0,5.0,1.0,占卜的意义
森西,TANK,guardian,4,3070,510.0,810.7,10.0,1.2,0.0,20.0,3.0,非魔法厨艺
闪击,TANK,shotprotector,4,3463,567.0,721.0,0.0,1.2,0.0,20.0,3.0,战术盾牌维护油
Sharp,WARRIOR,fearless,4,3565,1100.5,265.0,0.0,1.5,0.0,17.0,1.0,
深律,TANK,guardian,4,3380,555.0,625.0,15.0,1.2,0.0,19.0,3.0,受赐玩物
深巡,TANK,shotprotector,4,3253,536.0,784.0,0.0,1.2,0.0,21.0,3.0,基于咖啡的神经活性剂
慑砂,SNIPER,aoesniper,4,1655,1011.0,166.0,0.0,2.8,0.0,26.0,1.0,“灵魂共鸣”
诗怀雅,WARRIOR,instructor,4,2084,892.6,443.0,0.0,1.05,0.0,14.0,2.0,防身口红
石棉,TANK,artsprotector,4,3495,718.0,625.0,27.0,1.6,0.0,23.0,3.0,“石棉大战双头钳兽”
蚀清,CASTER,blastcaster,4,1762,943.0,120.0,20.0,2.9,0.0,31.0,1.0,无可抹消
食铁兽,SPECIAL,pusher,4,2315,720.0,417.0,0.0,1.2,0.0,18.0,2.0,尚蜀风味自制辣酱
时隙,CASTER,funnel,4,1615,487.2,125.0,20.0,1.3,0.0,20.0,1.0,突发性创造思维
狮蝎,SPECIAL,stalker,4,1630,1617.0,404.0,30.0,3.5,0.0,18.0,0.0,训练用尾部防护套装
守林人,SNIPER,longrange,4,1580,1297.0,131.0,0.0,2.7,0.0,19.0,1.0,野战狙击套装
霜华,SPECIAL,traper,4,1559,639.0,182.0,0.0,0.85,0.0,9.0,1.0,机械式陷阱压力板
双月,SPECIAL,dollkeeper,4,2436,850.0,361.0,0.0,1.2,0.0,13.0,2.0,“遥远陌生的世界”
水灯心,SNIPER,loopshooter,4,2560,830.5,165.0,0.0,1.0,0.0,14.0,1.0,风的颜色
四月,SNIPER,fastshot,4,1470,658.0,160.0,0.0,1.0,8.0,9.0,1.0,高保真通讯耳机
松桐,PIONEER,counsellor,4,2002,728.0,420.0,15.0,1.2,0.0,11.0,2.0,
送葬人,SNIPER,reaperrange,4,2330,866.0,185.0,0.0,2.3,5.0,29.0,1.0,执行者随身包
Stormeye,SNIPER,fastshot,4,1549,595.0,159.0,0.0,1.0,0.0,12.0,1.0,
燧石,WARRIOR,fighter,4,2680,699.0,334.0,0.0,0.78,0.0,8.0,1.0,这些花朵的含义
莎草,MEDIC,chainhealer,4,1865,560.0,193.0,0.0,2.85,0.0,17.0,1.0,小小的种子
特克诺,CASTER,soulcaster,4,1855,673.9,105.0,20.0,1.6,7.0,18.0,1.0,烧烤店官方优惠章
特米米,CASTER,corecaster,4,2120,686.3,144.0,20.0,1.6,0.0,19.0,1.0,损坏的尾尾佳
天火,CASTER,splashcaster,4,1620,977.0,122.0,20.0,2.9,5.0,23.0,1.0,阻燃处理方案
天空盒,SNIPER,skybreaker,4,1558,1019.0,197.0,0.0,2.1,0.0,21.0,1.0,
Touch,MEDIC,physician,4,1633,595.0,135.0,0.0,2.85,0.0,18.0,1.0,
图耶,MEDIC,physician,4,1630,615.0,135.0,0.0,2.85,0.0,18.0,1.0,集水装置
万顷,PIONEER,bearer,4,1751,514.0,485.0,0.0,1.3,0.0,10.0,1.0,牵风
苇草,PIONEER,charger,4,2395,722.0,364.0,20.0,1.0,25.0,10.0,1.0,枪刃清洁套装
微风,MEDIC,ringhealer,4,2179,440.0,153.0,0.0,2.85,0.0,15.0,1.0,外科医疗套组
温米,CASTER,primcaster,4,1438,736.0,106.0,15.0,1.6,0.0,18.0,1.0,赠别之味
乌啾,MEDIC,chainhealer,4,2035,579.0,175.0,0.0,2.85,0.0,16.0,1.0,“睡前故事”
巫恋,SUPPORT,underminer,4,1728,503.0,140.0,33.0,1.6,0.0,10.0,1.0,布艺苹果
乌有,SPECIAL,merchant,4,2838,855.0,396.0,0.0,1.0,0.0,6.0,1.0,“檐下听雨”
夏栎,SUPPORT,blessing,4,2350,493.0,227.0,25.0,1.6,0.0,10.0,1.0,锈枝
响石,TANK,primprotector,4,3983,631.0,630.0,10.0,1.6,0.0,23.0,3.0,“降落伞”
晓歌,PIONEER,agent,4,2137,747.6,297.0,0.0,1.0,20.0,8.0,1.0,“不发声者”
小满,SUPPORT,slower,4,1380,654.0,100.0,20.0,1.9,16.0,13.0,1.0,在田野上
撷英调香师,SUPPORT,blessing,4,2405,520.0,182.0,25.0,1.6,0.0,10.0,1.0,“双月的呼吸”
锡兰,MEDIC,healer,4,1655,553.0,126.0,15.0,2.85,0.0,19.0,1.0,野外考察套装
星极,WARRIOR,artsfghter,4,2523,732.0,533.5,15.0,1.25,7.0,19.0,1.0,未卜星图
杏仁,SPECIAL,hookmaster,4,2610,695.0,500.0,0.0,1.8,0.0,11.0,2.0,“毕业设计”
星源,CASTER,chain,4,1560,807.0,122.0,20.0,2.3,4.0,31.0,1.0,未组装的钟表
行箸,SUPPORT,blessing,4,1921,513.0,231.0,25.0,1.6,0.0,10.0,1.0,别昔年
锡人,SPECIAL,alchemist,4,1414,534.0,99.0,38.0,1.5,0.0,15.0,1.0,“颅相学”
稀音,SUPPORT,summoner,4,1305,468.0,220.0,28.0,1.6,0.0,9.0,1.0,专业级改良镜头
雪猎,SNIPER,hunter,4,2120,1158.0,222.0,0.0,1.6,0.0,17.0,1.0,过去的狩猎
雪绒,CASTER,corecaster,4,1650,771.0,119.0,20.0,1.6,0.0,18.0,1.0,自制登山杖
雪雉,SPECIAL,hookmaster,4,2345,745.0,426.0,0.0,1.8,0.0,12.0,2.0,雪雉的宝贝存钱罐
寻澜,PIONEER,agent,4,2250,600.0,306.0,0.0,1.0,15.0,11.0,1.0,佳肴
絮雨,MEDIC,healer,4,1772,595.0,119.0,10.0,2.85,0.0,18.0,1.0,古朴的急救箱
洋灰,TANK,duelist,4,3642,1099.0,815.0,0.0,1.6,0.0,30.0,1.0,工程记录仪
炎客,WARRIOR,fearless,4,4817,963.0,195.0,0.0,1.5,5.0,17.0,1.0,锈损的断刀
炎狱炎熔,CASTER,splashcaster,4,1708,950.0,115.0,20.0,2.9,0.0,32.0,1.0,萨卡兹的刀
崖心,SPECIAL,hookmaster,4,1970,1067.5,452.6,0.0,1.8,0.0,11.0,2.0,“凌绝顶”
亚叶,MEDIC,physician,4,1905,529.0,133.0,0.0,2.85,6.0,18.0,1.0,母亲的领巾
夜半,PIONEER,tactician,4,1775,574.2,153.0,0.0,1.0,0.0,12.0,1.0,星星与瞌睡虫
耶拉,CASTER,funnel,4,1577,462.2,121.0,20.0,1.3,0.0,20.0,1.0,以雪为线
夜魔,CASTER,corecaster,4,1510,944.6,120.0,20.0,1.6,5.0,18.0,1.0,“两生花”
野鬃,PIONEER,charger,4,2225,688.0,372.0,0.0,1.0,5.0,11.0,1.0,长枪替补套装
因陀罗,WARRIOR,fighter,4,2765,678.0,350.0,0.0,0.78,0.0,8.0,1.0,“汉娜的脱臼复位套装”
隐现,SNIPER,fastshot,4,1600,658.0,178.0,0.0,1.0,0.0,12.0,1.0,“最初的惊喜”
医生,WARRIOR,instructor,4,3241,692.0,423.0,0.0,1.05,0.0,14.0,2.0,“第三种力量”
幽灵鲨,WARRIOR,centurion,4,2945,892.0,403.0,0.0,1.2,0.0,21.0,3.0,幽明烛光
祐天寺若麦,WARRIOR,hammer,4,2810,1413.7,404.0,0.0,1.8,0.0,18.0,2.0,年轻的麦子
月禾,SUPPORT,blessing,4,2180,535.0,216.0,25.0,1.6,0.0,10.0,1.0,胧夜微明
郁金香,PIONEER,pioneer,4,1855,582.0,357.0,0.0,1.05,0.0,12.0,2.0,
羽毛笔,WARRIOR,reaper,4,2490,815.4,507.0,0.0,1.3,3.0,20.0,2.0,水蓝色黎明
陨星,SNIPER,aoesniper,4,1685,1680.0,116.0,0.0,2.8,0.0,26.0,1.0,无名的身份牌
战车,WARRIOR,sword,4,2626,716.0,517.1,0.0,1.3,0.0,21.0,2.0,轻机枪枪架
折光,CASTER,primcaster,4,1389,923.6,111.0,15.0,1.6,0.0,18.0,1.0,凡石
真理,SUPPORT,slower,4,1440,606.0,103.7,20.0,1.9,29.0,13.0,1.0,读书笔记
折桠,TANK,unyield,4,4783,865.0,776.4,10.0,1.6,0.0,33.0,3.0,“时间的痕迹”
至简,CASTER,funnel,4,1600,390.0,120.0,20.0,1.3,0.0,20.0,1.0,“新家园”
濯尘芙蓉,MEDIC,incantationmedic,4,1648,633.0,109.0,20.0,1.6,0.0,15.0,1.0,结晶胸花
铸铁,WARRIOR,artsfghter,4,3665,660.0,369.0,15.0,1.25,23.0,20.0,1.0,漫游者的压舱石
子月,SNIPER,longrange,4,1996,1177.0,155.0,0.0,2.7,0.0,19.0,1.0,“移动的窝”
艾丝黛尔,WARRIOR,centurion,3,3170,742.0,315.0,0.0,1.2,0.0,20.0,3.0,荒野地的饯别礼
安比尔,SNIPER,longrange,3,1690,1133.0,122.0,0.0,2.7,0.0,18.0,1.0,便携雷达的辅助器材
暗索,SPECIAL,hookmaster,3,1920,759.0,407.0,0.0,1.8,0.0,10.0,2.0,铁皮首饰盒
阿消,SPECIAL,pusher,3,2315,648.0,387.0,23.0,1.2,0.0,17.0,2.0,客制化防火服
白雪,SNIPER,aoesniper,3,1790,1112.4,100.0,0.0,2.8,5.0,25.0,1.0,手里剑
波登可,SUPPORT,slower,3,1273,669.3,96.0,20.0,1.9,5.0,12.0,1.0,“不谢的苗圃”
布丁,CASTER,chain,3,1456,736.6,108.0,20.0,2.3,5.0,29.0,1.0,便携测电设备
缠丸,WARRIOR,fearless,3,6430,971.0,155.8,0.0,1.5,0.0,15.0,1.0,断竹插花作品
骋风,WARRIOR,librator,3,3885,367.0,511.0,15.0,1.2,0.0,8.0,3.0,义
地灵,SUPPORT,slower,3,1335,551.0,139.0,20.0,1.9,0.0,12.0,1.0,待确认的申请表
冬时,PIONEER,agent,3,1955,537.0,295.0,0.0,1.0,17.0,7.0,1.0,缺角的权限
豆苗,PIONEER,tactician,3,1709,480.0,143.8,0.0,1.0,0.0,11.0,1.0,钳钳自助餐
断罪者,WARRIOR,fearless,3,3705,1031.0,188.0,0.0,1.5,4.0,8.0,1.0,断罪之拳
杜宾,WARRIOR,instructor,3,2254,760.4,412.0,0.0,1.05,20.0,13.0,2.0,军用望远镜
芳汀,WARRIOR,lord,3,2435,758.0,340.0,10.0,1.3,12.0,16.0,2.0,芳汀之书
格雷伊,CASTER,splashcaster,3,2007,699.0,130.0,20.0,2.9,5.0,22.0,1.0,新的开始
古米,TANK,guardian,3,3200,511.0,562.0,10.0,1.2,0.0,18.0,3.0,蜜糖馅饼礼包
褐果,MEDIC,wandermedic,3,1307,469.0,101.0,10.0,2.85,0.0,12.0,1.0,地上巡旅纪念灯
红豆,PIONEER,charger,3,1955,708.1,351.0,0.0,1.0,0.0,9.0,1.0,伟大的摇滚
红云,SNIPER,fastshot,3,1400,605.0,162.0,0.0,1.0,0.0,10.0,1.0,“不落”
坚雷,TANK,artsprotector,3,3277,796.3,636.2,15.0,1.6,0.0,22.0,3.0,守护的道路
角峰,TANK,protector,3,4250,375.0,720.0,25.0,1.2,0.0,19.0,4.0,父亲的袍子
嘉维尔,MEDIC,physician,3,1650,602.6,302.0,0.0,2.85,0.0,16.0,1.0,“请遵医嘱”
孑,SPECIAL,merchant,3,2484,787.0,428.0,0.0,1.0,0.0,5.0,1.0,精钢刀具套组
杰克,WARRIOR,fighter,3,2518,640.0,328.0,0.0,0.78,0.0,7.0,1.0,D32钢椅
杰西卡,SNIPER,fastshot,3,1320,629.6,184.0,0.0,1.0,24.0,10.0,1.0,杰西卡的订单
卡达,CASTER,funnel,3,1440,400.0,135.0,20.0,1.3,18.0,18.0,1.0,大菲林脱敏实验
刻刀,WARRIOR,sword,3,2470,727.0,325.0,0.0,1.3,0.0,19.0,2.0,可替换刀具套装
砾,SPECIAL,executor,3,2015,452.0,426.6,0.0,0.93,0.0,5.0,1.0,隐秘行动工具包
猎蜂,WARRIOR,fighter,3,2785,667.4,312.0,0.0,0.78,0.0,7.0,1.0,咬紧牙关
流星,SNIPER,fastshot,3,1550,583.0,165.0,0.0,1.0,0.0,10.0,1.0,猎刀
罗比菈塔,SUPPORT,craftsman,3,2720,570.0,759.3,0.0,1.5,0.0,15.0,2.0,半自动造型工具套组
罗小黑,WARRIOR,lord,3,2140,768.0,375.0,10.0,1.3,0.0,17.0,2.0,毛线球
露托,TANK,unyield,3,4300,790.0,630.0,10.0,1.6,0.0,32.0,3.0,生还的人与物
梅,SNIPER,fastshot,3,1632,670.1,105.0,0.0,1.0,11.0,10.0,1.0,新手侦探礼包
盟约·辅助干员,SUPPORT,ritualist,3,1382,482.0,100.0,15.0,1.6,0.0,14.0,1.0,盟约·辅助干员证章
末药,MEDIC,physician,3,1520,548.0,131.0,0.0,2.85,5.0,16.0,1.0,“生命的短暂”
慕斯,WARRIOR,artsfghter,3,2565,740.0,392.0,15.0,1.25,0.0,18.0,1.0,美爪套装二象性
泡泡,TANK,protector,3,3666,369.9,810.0,0.0,1.2,0.0,19.0,3.0,泡泡闪光必杀剑
铅踝,SNIPER,siegesniper,3,1550,1374.1,175.0,0.0,2.4,0.0,20.0,1.0,雪花球
清道夫,PIONEER,pioneer,3,1835,697.4,395.3,0.0,1.05,0.0,10.0,2.0,“专属餐具”
清流,MEDIC,healer,3,1515,544.0,150.0,10.0,2.85,0.0,17.0,1.0,“江河之韵”
深靛,CASTER,mystic,3,1435,1322.0,117.0,20.0,3.0,4.0,21.0,1.0,法杖保养套装
深海色,SUPPORT,summoner,3,1684,438.0,125.0,15.0,1.6,0.0,8.0,1.0,诡异的调色盘
蛇屠箱,TANK,protector,3,3275,365.0,1029.0,0.0,1.2,0.0,19.0,3.0,超强棒球套装
石英,WARRIOR,crusher,3,6936,1796.3,0.0,0.0,2.5,0.0,20.0,2.0,钟表修理套组
霜叶,WARRIOR,lord,3,2260,710.0,413.0,10.0,1.3,0.0,16.0,2.0,不歇律动
松果,SNIPER,reaperrange,3,2200,790.0,197.0,0.0,2.3,0.0,28.0,1.0,移动电箱
酸糖,SNIPER,closerange,3,1576,845.0,259.0,0.0,1.6,5.0,16.0,1.0,“自由、洋葱圈和我”
苏苏洛,MEDIC,physician,3,1445,571.0,122.0,0.0,2.85,5.0,26.0,1.0,医不自治
桃金娘,PIONEER,bearer,3,1715,520.0,407.0,0.0,1.3,0.0,8.0,1.0,“私人收藏”
调香师,MEDIC,ringhealer,3,1800,404.0,145.0,0.0,2.85,0.0,14.0,1.0,“爱琴之吻”
维荻,SPECIAL,dollkeeper,3,2711,777.0,259.0,8.0,1.2,0.0,12.0,2.0,密林撷萃
协律,CASTER,blastcaster,3,1703,1002.8,110.0,20.0,2.9,0.0,30.0,1.0,移动八音盒
休谟斯,WARRIOR,reaper,3,2350,701.0,500.0,0.0,1.3,0.0,19.0,2.0,恶地奇异工具套组
讯使,PIONEER,pioneer,3,2180,435.0,552.5,0.0,1.05,0.0,10.0,2.0,耐低温通讯设备
宴,WARRIOR,musha,3,3684,838.2,366.1,0.0,1.2,0.0,22.0,1.0,翻盖手机
夜烟,CASTER,corecaster,3,1520,683.0,135.0,19.7,1.6,0.0,17.0,1.0,女巫的帽子
伊桑,SPECIAL,stalker,3,2430,802.0,337.0,30.0,3.5,0.0,17.0,0.0,超级喷漆套装
远山,CASTER,splashcaster,3,2272,1042.8,118.0,20.0,2.9,20.0,30.0,1.0,占卜师旅行套装
预备干员-辅助,SUPPORT,slower,3,1165,526.0,98.0,20.0,1.9,9.0,14.0,1.0,
预备干员-近卫,WARRIOR,fearless,3,3885,939.6,148.0,0.0,1.5,0.0,16.0,1.0,
预备干员-狙击,SNIPER,fastshot,3,1550,557.3,100.0,0.0,1.0,0.0,11.0,1.0,
预备干员-术师,CASTER,corecaster,3,1399,623.0,110.0,20.0,1.6,9.0,18.0,1.0,
预备干员-特种,SPECIAL,executor,3,1520,464.4,295.0,0.0,0.93,0.0,7.0,1.0,
预备干员-先锋,PIONEER,pioneer,3,1750,486.0,330.0,0.0,1.05,0.0,11.0,2.0,
预备干员-医疗,MEDIC,physician,3,1400,518.4,130.0,0.0,2.85,0.0,17.0,1.0,
预备干员-重装,TANK,protector,3,3040,325.0,697.4,0.0,1.2,0.0,20.0,3.0,
跃跃,SNIPER,loopshooter,3,2380,718.0,160.0,0.0,1.0,0.0,12.0,1.0,暖意的归宿
云迹,SPECIAL,skywalker,3,2255,752.0,479.4,0.0,1.5,0.0,14.0,2.0,
