char_name,profession,sub_profession,rarity,atk,max_hp,def,magic_resistance,range_size,fragile,def_shred_pct,def_shred_flat,slow,ally_atk_pct,ally_as,control_dur,inspire_pct,inspire_atk,support_score,effects
能天使,SNIPER,fastshot,5,713.4,1840,204.0,0.0,12,0.0,0.0,0.0,0.0,0.0,0.0,0.0,0.0,713.4,0.0,
空弦,SNIPER,fastshot,5,1009.5,1705,172.0,0.0,12,0.0,0.0,0.0,0.0,0.0,0.0,0.0,0.0,1009.5,0.0,
灰烬,SNIPER,fastshot,5,664.0,1889,169.0,0.0,12,0.0,0.0,0.0,0.0,0.0,0.0,2.0,0.0,664.0,2.0,晕眩3s(覆盖100%); 晕眩4s(覆盖100%)
Stormeye,SNIPER,fastshot,5,650.0,1750,160.0,0.0,12,0.0,0.0,0.0,0.0,0.0,0.0,0.0,0.0,650.0,0.0,
黑,SNIPER,closerange,5,1144.8,1833,240.8,0.0,9,0.0,0.2,0.0,0.0,0.0,0.0,0.0,0.0,1144.8,12.0,减防10%(覆盖100%); 减防20%(覆盖100%)
鸿雪,SNIPER,closerange,5,1066.0,1802,239.0,0.0,9,0.0,0.2,0.0,0.0,0.0,0.0,0.0,0.0,1066.0,12.0,减防18%(覆盖100%); 减防20%(覆盖100%)
焰狐龙梓兰,SNIPER,closerange,5,1274.4,1788,247.0,0.0,9,0.0,0.0,0.0,0.0,0.0,0.0,0.0,0.0,1274.4,0.0,
远牙,SNIPER,longrange,5,1628.4,1642,163.0,0.0,19,0.0,0.0,0.0,0.0,0.0,0.0,0.0,0.0,1628.4,0.0,
蕾缪安,SNIPER,longrange,5,1676.8,1568,175.0,0.0,19,0.0,0.0,0.0,0.0,0.0,0.0,0.0,0.0,1676.8,0.0,
W,SNIPER,aoesniper,5,1110.7,1805,133.0,0.0,15,0.0,0.0,0.0,0.0,0.0,0.0,0.0,0.0,1110.7,0.0,
菲亚梅塔,SNIPER,aoesniper,5,1051.0,2041,156.0,0.0,15,0.0,0.0,0.0,0.0,0.0,0.0,0.0,0.0,1051.0,0.0,
早露,SNIPER,siegesniper,5,1391.0,1755,152.0,0.0,13,0.0,0.0,0.0,0.0,0.0,0.0,0.0,0.0,1391.0,0.0,
提丰,SNIPER,siegesniper,5,1249.0,1702,113.0,0.0,13,0.0,0.0,0.0,0.0,0.0,0.0,1.5,0.0,1249.0,1.5,停顿3s(覆盖100%)
迷迭香,SNIPER,bombarder,5,838.0,1944,275.0,15.0,19,0.0,0.0,0.0,0.0,0.0,0.0,0.0,0.0,838.0,0.0,
维什戴尔,SNIPER,bombarder,5,842.0,1888,256.0,15.0,19,0.0,0.0,0.0,0.0,0.0,0.0,0.5,0.0,842.0,0.5,晕眩0.5s(覆盖100%); 晕眩1s(覆盖100%)
假日威龙陈,SNIPER,reaperrange,5,953.0,2681,203.0,0.0,7,0.0,0.0,0.0,0.0,0.0,0.0,0.0,0.0,953.0,0.0,
莱伊,SNIPER,hunter,5,1381.0,2133,228.0,0.0,9,0.0,0.0,0.0,0.0,0.0,0.0,0.0,0.0,1381.0,0.0,
娜仁图亚,SNIPER,loopshooter,5,810.0,2500,215.0,0.0,15,0.0,0.0,0.0,0.0,0.0,0.0,0.0,0.0,810.0,0.0,
推进之王,PIONEER,pioneer,5,709.6,2511,441.7,0.0,2,0.0,0.0,0.0,0.0,0.0,0.0,0.0,0.0,709.6,0.0,
风笛,PIONEER,charger,5,756.0,2484,402.0,0.0,2,0.0,0.0,0.0,0.0,0.0,0.0,0.0,0.0,756.0,0.0,
嵯峨,PIONEER,pioneer,5,685.0,2205,416.0,0.0,2,0.0,0.0,0.0,0.0,0.0,0.0,0.0,0.0,685.0,0.0,
忍冬,PIONEER,pioneer,5,677.0,2300,400.0,0.0,2,0.0,0.0,0.0,0.0,0.0,0.0,0.0,0.0,677.0,0.0,
琴柳,PIONEER,bearer,5,654.0,2035,407.0,0.0,2,0.0,0.0,0.0,0.0,0.0,0.0,0.0,0.0,654.0,0.0,脆弱+0%(覆盖43%)
焰尾,PIONEER,pioneer,5,681.0,2138,440.0,0.0,2,0.0,0.0,0.0,0.0,0.0,0.0,0.0,0.0,681.0,0.0,
郁金香,PIONEER,pioneer,5,715.0,2095,418.0,0.0,2,0.0,0.0,0.0,0.0,0.0,0.0,0.0,0.0,715.0,0.0,
伺夜,PIONEER,tactician,5,592.0,1905,154.0,0.0,12,0.0,0.0,0.0,0.0,0.0,0.0,0.0,0.0,592.0,0.0,
缪尔赛思,PIONEER,tactician,5,565.0,1983,185.0,0.0,12,0.0,0.0,0.0,0.0,0.0,0.0,0.0,0.0,565.0,0.0,
可露希尔,PIONEER,tactician,5,615.6,1942,176.0,0.0,12,0.0,0.0,0.0,0.0,0.0,0.0,0.0,0.0,615.6,0.0,
凛御银灰,PIONEER,counsellor,5,653.0,2318,497.0,15.0,2,0.2526315789473684,0.0,0.0,0.0,0.0,0.0,7.5,0.0,653.0,32.8,脆弱+30%(覆盖84%); 冻结15s(覆盖100%)
伊内丝,PIONEER,agent,5,674.0,2421,311.0,0.0,3,0.0,0.0,0.0,0.0,0.0,0.0,0.0,0.0,674.0,0.0,
伊芙利特,CASTER,blastcaster,5,1052.0,1680,130.0,19.6,6,0.0,0.0,0.0,0.0,0.0,0.0,0.0,0.0,1052.0,0.0,
谬因,CASTER,blastcaster,5,1425.6,1860,128.0,20.0,6,0.0,0.0,0.0,0.0,0.0,0.0,0.0,0.0,1425.6,0.0,
莫斯提马,CASTER,splashcaster,5,1021.0,1831,132.0,20.0,9,0.0,0.0,0.0,0.0,0.0,0.0,0.0,0.0,1021.0,0.0,
艾雅法拉,CASTER,corecaster,5,976.0,1923,122.0,20.0,10,0.0,0.0,0.0,0.0,0.0,0.0,0.0,0.0,976.0,0.0,
刻俄柏,CASTER,corecaster,5,887.8,1745,128.0,20.0,10,0.0,0.0,0.0,0.0,0.0,0.0,0.0,0.0,887.8,0.0,
霍尔海雅,CASTER,corecaster,5,803.0,1900,130.0,20.0,10,0.0,0.0,0.0,0.0,0.0,0.0,0.0,0.0,803.0,0.0,
逻各斯,CASTER,corecaster,5,828.0,1833,119.0,10.0,10,0.0,0.0,0.0,0.26666666666666666,0.0,0.0,0.4,0.0,828.0,11.1,减速40%(覆盖67%); 停顿0.8s(覆盖100%)
夕,CASTER,splashcaster,5,1132.2,1801,127.0,20.0,9,0.0,0.0,0.0,0.0,0.0,0.0,0.0,0.0,1132.2,0.0,
玛露西尔,CASTER,splashcaster,5,1327.2,1805,175.5,20.0,9,0.0,0.0,0.0,0.0,0.0,0.0,0.0,0.0,1327.2,0.0,
Pith,CASTER,splashcaster,5,1302.0,1950,112.0,20.0,9,0.0,0.0,0.0,0.0,0.0,0.0,0.0,0.0,1302.0,0.0,
异客,CASTER,chain,5,943.9,1618,130.0,20.0,10,0.0,0.0,0.0,0.0,0.0,0.0,0.0,0.0,943.9,0.0,
卡涅利安,CASTER,phalanx,5,1021.0,2106,296.0,15.0,13,0.0,0.0,0.0,0.0,0.0,0.0,0.0,0.0,1021.0,0.0,
林,CASTER,phalanx,5,996.0,2048,335.0,15.0,13,0.0,0.0,0.0,0.0,0.0,0.0,0.5,0.0,996.0,0.5,晕眩1s(覆盖100%)
圣聆初雪,CASTER,phalanx,5,991.0,2058,333.0,15.0,13,0.0,0.0,0.0,0.12,0.0,0.0,2.0,0.0,991.0,6.8,减速10%(覆盖100%); 减速10%(覆盖100%); 减速10%(覆盖100%); 减速10%(覆盖100%); 减速12%(覆盖100%); 减速12%(覆盖100%); 冻结4s(覆盖100%)
澄闪,CASTER,funnel,5,436.0,1480,125.0,20.0,10,0.0,0.0,0.0,0.0,0.0,0.0,0.0,0.0,436.0,0.0,
荒芜拉普兰德,CASTER,funnel,5,435.0,1663,117.0,20.0,10,0.0,0.0,0.0,0.0,0.0,0.0,0.0,0.0,435.0,0.0,
黑键,CASTER,mystic,5,1685.0,1853,135.0,20.0,10,0.0,0.0,0.0,0.0,0.0,0.0,0.0,0.0,1685.0,0.0,
维伊,CASTER,mystic,5,1793.0,1970,121.0,20.0,10,0.0,0.0,0.0,0.0,0.0,0.0,0.0,0.0,1793.0,0.0,
妮芙,CASTER,primcaster,5,849.8,1800,129.0,15.0,10,0.0,0.0,0.0,0.0,0.0,0.0,0.0,0.0,849.8,0.0,
烛煌,CASTER,primcaster,5,839.0,1728,131.0,15.0,10,0.0,0.0,0.0,0.5,0.0,0.0,2.5,0.0,839.0,22.5,晕眩5s(覆盖100%)
真言,CASTER,primcaster,5,842.0,1753,130.0,15.0,10,0.0,0.0,0.0,0.0,0.0,0.0,0.0,0.0,842.0,0.0,
死芒,CASTER,soulcaster,5,735.0,2126,179.0,30.0,10,0.0,0.0,0.0,0.0,0.0,0.0,0.0,0.0,735.0,0.0,
灵知,SUPPORT,underminer,5,595.0,2135,132.0,25.0,16,0.27,0.0,0.0,0.0,0.0,0.0,0.0,0.0,595.0,27.0,脆弱+15%(覆盖100%); 脆弱+17%(覆盖100%); 脆弱+25%(覆盖100%); 脆弱+27%(覆盖100%)
安洁莉娜,SUPPORT,slower,5,682.0,1385,120.0,25.0,12,0.0,0.0,0.0,0.0,0.0,0.0,0.0,0.0,682.0,0.0,
铃兰,SUPPORT,slower,5,1232.6,1600,128.0,25.0,12,0.23,0.0,0.0,0.0,0.0,0.0,0.0,0.0,1232.6,23.0,脆弱+20%(覆盖100%); 脆弱+23%(覆盖100%)
Raidian,SUPPORT,slower,5,627.0,1548,125.0,25.0,12,0.2,0.0,0.0,0.0,0.0,0.0,0.0,0.0,627.0,20.0,脆弱+25%(覆盖80%)
溯光星源,SUPPORT,slower,5,737.0,1535,125.0,25.0,12,0.12,0.0,0.0,0.0,0.0,0.0,0.0,0.0,737.0,12.0,脆弱+10%(覆盖100%); 脆弱+12%(覆盖100%)
麦哲伦,SUPPORT,summoner,5,559.0,1553,140.0,20.0,10,0.0,0.0,0.0,0.0,0.0,0.0,0.0,0.0,559.0,0.0,
电弧,SUPPORT,summoner,5,617.1,1533,182.6,20.0,10,0.0,0.0,0.0,0.0,0.0,0.0,0.8,0.0,617.1,0.8,停顿2s(覆盖75%)
浊心斯卡蒂,SUPPORT,bard,5,453.0,1733,280.0,0.0,13,0.0,0.0,0.0,0.0,0.0,0.0,0.0,0.6,453.0,21.7,"鼓舞(施法者攻击力+60%,覆盖100%); 鼓舞(施法者攻击力+110%,覆盖50%)"
魔王,SUPPORT,bard,5,460.1,2208,236.0,0.0,13,0.0,0.0,0.0,0.0,0.0,0.0,0.0,0.0,460.1,0.0,
淬羽赫默,SUPPORT,blessing,5,592.0,2669,184.0,25.0,16,0.0,0.0,0.0,0.0,0.0,0.0,0.0,0.0,592.0,0.0,
遥,SUPPORT,blessing,5,587.0,2447,178.0,25.0,16,0.0,0.0,0.0,0.0,0.0,0.0,0.0,0.0,587.0,0.0,
令,SUPPORT,summoner,5,574.7,1579,138.0,20.0,10,0.0,0.0,0.0,0.0,0.0,0.0,0.0,0.0,574.7,0.0,
白铁,SUPPORT,craftsman,5,678.0,2723,506.0,0.0,2,0.0,0.0,0.0,0.0,0.0,0.0,0.0,0.0,678.0,0.0,
娜斯提,SUPPORT,craftsman,5,654.0,3010,521.0,0.0,2,0.0,0.0,0.0,0.0,0.0,0.0,0.0,0.0,654.0,0.0,
塑心,SUPPORT,ritualist,5,565.0,1711,109.0,15.0,12,0.0,0.0,0.0,0.0,0.0,0.0,0.1,0.0,565.0,0.1,停顿0.2s(覆盖100%)
酒神,SUPPORT,ritualist,5,572.0,1700,104.0,15.0,12,0.0,0.0,0.0,0.0,0.0,0.0,0.0,0.0,572.0,0.0,
傀影,SPECIAL,executor,5,795.3,1645,352.0,0.0,2,0.0,0.0,0.0,0.0,0.0,0.0,0.0,0.0,795.3,0.0,
缄默德克萨斯,SPECIAL,executor,5,873.6,1758,320.0,0.0,2,0.0,0.0,0.0,0.0,0.0,0.0,0.0,0.0,873.6,0.0,
麒麟R夜刀,SPECIAL,executor,5,796.6,1829,318.0,0.0,2,0.0,0.0,0.0,0.0,0.0,0.0,0.0,0.0,796.6,0.0,
弑君者,SPECIAL,executor,5,723.0,1830,325.0,0.0,2,0.0,0.0,0.0,0.0,0.0,0.0,0.0,0.0,723.0,0.0,
Misery,SPECIAL,executor,5,738.3,1594,321.0,0.0,2,0.0,0.0,0.0,0.0,0.0,0.0,0.0,0.0,738.3,0.0,
老鲤,SPECIAL,merchant,5,956.8,2727,515.0,0.0,2,0.0,0.0,0.0,0.0,0.0,0.0,3.0,0.0,956.8,3.0,晕眩3s(覆盖100%); 冻结3s(覆盖100%)
琳琅诗怀雅,SPECIAL,merchant,5,1021.7,2660,517.0,0.0,2,0.0,0.0,0.0,0.0,0.0,0.0,0.1,0.0,1021.7,0.1,停顿3s(覆盖4%)
温蒂,SPECIAL,pusher,5,952.8,2343,439.0,0.0,2,0.0,0.0,0.0,0.0,0.0,0.0,0.0,0.0,952.8,0.0,
阿,SPECIAL,geek,5,828.0,2334,152.0,10.0,12,0.0,0.0,0.0,0.0,0.0,0.0,1.2,0.0,828.0,1.2,晕眩0.6s(覆盖100%); 停顿1s(覆盖100%); 晕眩0.8s(覆盖100%); 停顿1.2s(覆盖100%); 晕眩1s(覆盖100%); 停顿1.4s(覆盖100%)
新约能天使,SPECIAL,geek,5,918.9,2560,150.0,10.0,12,0.0,0.0,0.0,0.0,0.0,0.0,0.0,0.0,918.9,0.0,
歌蕾蒂娅,SPECIAL,hookmaster,5,925.0,2309,426.0,0.0,4,0.0,0.0,0.0,0.5,0.0,0.0,0.0,0.0,925.0,20.0,
水月,SPECIAL,stalker,5,1210.0,1998,356.0,30.0,10,0.0,0.0,0.0,0.0,0.0,0.0,0.0,0.0,1210.0,0.0,
阿斯卡纶,SPECIAL,stalker,5,1034.0,1823,433.0,30.0,10,0.0,0.0,0.0,0.6,0.0,0.0,0.0,0.0,1034.0,24.0,
归溟幽灵鲨,SPECIAL,dollkeeper,5,900.0,3663,352.0,0.0,2,0.0,0.0,0.0,0.0,0.0,0.0,0.0,0.0,900.0,0.0,
多萝西,SPECIAL,traper,5,735.4,1502,202.0,0.0,12,0.0,0.0,0.0,0.0,0.0,0.0,0.0,0.0,735.4,0.0,
艾拉,SPECIAL,traper,5,728.0,1468,203.0,0.0,12,0.18421052631578946,0.0,0.0,0.0,0.0,0.0,0.0,0.0,728.0,18.4,脆弱+35%(覆盖53%)
望,SPECIAL,traper,5,729.0,1630,174.0,0.0,12,0.0,0.0,0.0,0.5,0.0,0.0,0.0,0.0,729.0,20.0,减速50%(覆盖100%)
引星棘刺,SPECIAL,alchemist,5,679.6,1493,106.0,30.0,13,0.0,0.0,0.0,0.0,0.0,0.0,0.0,0.0,679.6,0.0,
予愿安洁莉娜,SPECIAL,skywalker,5,944.7,2685,520.0,0.0,3,0.0,0.0,0.0,0.6,0.0,0.0,0.0,0.0,944.7,24.0,
闪灵,MEDIC,physician,5,841.2,1613,238.0,0.0,12,0.0,0.0,0.0,0.0,0.0,0.0,0.0,0.0,841.2,0.0,
Touch,MEDIC,physician,5,645.0,1710,145.0,0.0,12,0.0,0.0,0.0,0.0,0.0,0.0,0.0,0.0,645.0,0.0,
夜莺,MEDIC,ringhealer,5,485.0,1705,169.0,25.0,12,0.0,0.0,0.0,0.0,0.0,0.0,0.0,0.0,485.0,0.0,
凯尔希,MEDIC,physician,5,550.0,2033,280.0,0.0,15,0.0,0.0,0.0,0.0,0.0,0.0,1.5,0.0,550.0,1.5,晕眩3s(覆盖100%)
流明,MEDIC,healer,5,630.0,1985,141.0,10.0,18,0.0,0.0,0.0,0.0,0.0,0.0,0.0,0.0,630.0,0.0,
纯烬艾雅法拉,MEDIC,wandermedic,5,529.0,1737,109.0,10.0,18,0.0,0.0,0.0,0.0,0.0,0.0,0.0,0.0,529.0,0.0,
焰影苇草,MEDIC,incantationmedic,5,666.8,1738,114.0,20.0,12,0.2,0.0,0.0,0.0,0.0,0.0,0.0,0.0,666.8,20.0,脆弱+10%(覆盖100%); 脆弱+2%(覆盖100%); 脆弱+20%(覆盖100%); 脆弱+2%(覆盖100%)
缇缇,MEDIC,incantationmedic,5,651.0,1755,117.0,20.0,12,0.0,0.0,0.0,0.0,0.0,0.0,0.0,0.0,651.0,0.0,
Mon3tr,MEDIC,chainhealer,5,778.8,2235,261.0,0.0,12,0.0,0.0,0.0,0.0,0.0,0.0,0.0,0.0,778.8,0.0,
凯尔希·思衡托,MEDIC,watchman,5,510.0,2650,382.5,0.0,16,0.0,0.0,0.0,0.0,0.0,0.0,0.0,0.0,510.0,0.0,
星熊,TANK,protector,5,756.0,3850,936.0,0.0,2,0.0,0.0,0.0,0.0,0.0,0.0,0.0,0.0,756.0,0.0,
Mechanist,TANK,protector,5,402.0,3740,874.5,0.0,1,0.0,0.0,0.0,0.0,0.0,0.0,0.0,0.0,402.0,0.0,
塞雷娅,TANK,guardian,5,635.2,3500,681.2,10.0,1,0.0,0.0,0.0,0.0,0.0,0.0,0.0,0.0,635.2,0.0,
瑕光,TANK,guardian,5,650.0,3702,601.0,10.0,2,0.0,0.0,0.0,0.0,0.0,0.0,0.0,0.0,650.0,0.0,
黍,TANK,guardian,5,648.5,3900,712.0,10.0,1,0.0,0.0,0.0,0.0,0.16666666666666666,0.0,0.0,0.0,648.5,8.3,友方攻击+25%(覆盖67%)
年,TANK,protector,5,689.0,5625,826.0,0.0,2,0.0,0.0,0.0,0.0,0.0,0.0,0.0,0.0,689.0,0.0,
泥岩,TANK,unyield,5,967.0,4428,732.0,10.0,2,0.0,0.0,0.0,0.6,0.0,0.0,0.0,0.0,967.0,24.0,
斥罪,TANK,unyield,5,1001.0,4655,686.0,10.0,2,0.0,0.0,0.0,0.0,0.0,0.0,0.0,0.0,1001.0,0.0,
森蚺,TANK,duelist,5,1207.0,4848,685.0,0.0,2,0.0,0.0,0.0,0.0,0.0,0.0,0.0,0.0,1207.0,0.0,
号角,TANK,fortress,5,1351.2,5575,756.4,0.0,7,0.0,0.0,0.0,0.0,0.0,0.0,0.0,0.0,1351.2,0.0,
涤火杰西卡,TANK,shotprotector,5,665.0,3933,892.4,0.0,3,0.0,0.0,0.0,0.0,0.0,0.0,0.0,0.0,665.0,0.0,
信仰搅拌机,TANK,shotprotector,5,733.7,3677,856.0,0.0,3,0.0,0.0,0.0,0.0,0.0,0.0,0.0,0.0,733.7,0.0,
机械师,TANK,shotprotector,5,673.0,3631,845.0,0.0,3,0.0,0.0,0.0,0.0,0.0,0.0,0.0,0.0,673.0,0.0,
余,TANK,primprotector,5,800.0,4033,607.0,10.0,1,0.0,0.0,0.0,0.0,0.0,0.0,0.0,0.0,800.0,0.0,
珊比,TANK,primprotector,5,786.0,4264,601.0,10.0,1,0.0,0.0,0.0,0.0,0.0,0.0,0.0,0.0,786.0,0.0,
斩业星熊,TANK,artsprotector,5,922.3,3876,616.0,15.0,2,0.0,0.0,0.0,0.0,0.0,0.0,0.0,0.0,922.3,0.0,
山,WARRIOR,fighter,5,706.9,2995,482.4,0.0,2,0.0,0.0,0.0,0.0,0.0,0.0,0.0,0.0,706.9,0.0,
重岳,WARRIOR,fighter,5,725.0,2635,428.0,0.0,2,0.0,0.0,0.0,0.0,0.0,0.0,0.0,0.0,725.0,0.0,
贝洛内,WARRIOR,fighter,5,745.0,2855,385.0,0.0,2,0.0,0.0,0.0,0.0,0.0,0.0,0.0,0.0,745.0,0.0,
银灰,WARRIOR,lord,5,1041.2,2890,447.0,10.0,8,0.0,0.0,0.0,0.0,0.0,0.0,0.0,0.0,1041.2,0.0,
棘刺,WARRIOR,lord,5,816.0,2762,472.0,10.0,8,0.0,0.0,0.0,0.0,0.0,0.0,0.0,0.0,816.0,0.0,
仇白,WARRIOR,lord,5,823.0,2480,497.0,10.0,8,0.0,0.0,0.0,0.0,0.0,0.0,0.0,0.0,823.0,0.0,
丰川祥子,WARRIOR,lord,5,848.0,2656,425.0,10.0,8,0.0,0.0,0.0,0.0,0.0,0.0,0.0,0.0,848.0,0.0,
领主·Sharp,WARRIOR,lord,5,977.5,2902,462.0,10.0,8,0.0,0.0,0.0,0.0,0.0,0.0,0.0,0.0,977.5,0.0,
赫德雷,WARRIOR,crusher,5,1816.0,6888,0.0,0.0,2,0.0,0.0,0.0,0.0,0.0,0.0,0.0,0.0,1816.0,0.0,
乌尔比安,WARRIOR,crusher,5,1799.0,7152,0.0,0.0,2,0.0,0.0,0.0,0.0,0.0,0.0,0.0,0.0,1799.0,0.0,
佩佩,WARRIOR,hammer,5,1708.7,3151,432.0,0.0,2,0.0,0.0,0.0,0.0,0.0,0.0,0.0,0.0,1708.7,0.0,
怒潮凛冬,WARRIOR,hammer,5,1590.3,3330,573.4,0.0,2,0.0,0.0,0.0,0.0,0.0,0.0,0.0,0.0,1590.3,0.0,
陈,WARRIOR,sword,5,856.7,2880,510.6,0.0,2,0.0,0.0,0.0,0.0,0.0,0.0,0.0,0.0,856.7,0.0,
艾丽妮,WARRIOR,sword,5,781.0,2935,369.0,0.0,2,0.0,0.0,0.0,0.0,0.0,0.0,0.0,0.0,781.0,0.0,
锏,WARRIOR,sword,5,826.2,3041,389.0,0.0,2,0.0,0.0,0.0,0.0,0.0,0.0,0.0,0.0,826.2,0.0,
煌,WARRIOR,centurion,5,911.0,3106,415.0,0.0,2,0.0,0.0,0.0,0.0,0.0,0.0,0.0,0.0,911.0,0.0,
百炼嘉维尔,WARRIOR,centurion,5,1004.6,3106,548.0,0.0,2,0.0,0.0,0.0,0.0,0.0,0.0,0.0,0.0,1004.6,0.0,
史尔特尔,WARRIOR,artsfghter,5,832.0,2916,414.0,20.0,2,0.0,0.0,0.0,0.0,0.0,0.0,0.0,0.0,832.0,0.0,
薇薇安娜,WARRIOR,artsfghter,5,806.0,3340,447.0,15.0,2,0.0,0.0,0.0,0.0,0.0,0.0,0.0,0.0,806.0,0.0,
维娜·维多利亚,WARRIOR,artsfghter,5,861.0,2895,493.0,15.0,2,0.0,0.0,0.0,0.0,0.0,0.0,0.0,0.0,861.0,0.0,
赤刃明霄陈,WARRIOR,artsfghter,5,937.9,3330,425.0,15.0,2,0.0,0.0,0.0,0.0,0.0,0.0,0.0,0.0,937.9,0.0,
赫拉格,WARRIOR,musha,5,922.0,4575,334.0,0.0,2,0.0,0.0,0.0,0.0,0.0,0.0,0.0,0.0,922.0,0.0,
左乐,WARRIOR,musha,5,910.0,4198,415.0,0.0,2,0.0,0.0,0.0,0.0,0.0,0.0,0.0,0.0,910.0,0.0,
帕拉斯,WARRIOR,instructor,5,820.0,2473,455.0,0.0,3,0.0,0.0,0.0,0.0,0.0,0.0,0.0,0.0,820.0,0.0,
耀骑士临光,WARRIOR,fearless,5,1254.0,4080,295.0,0.0,2,0.0,0.0,0.0,0.0,0.0,0.0,1.5,0.0,1254.0,1.5,晕眩2s(覆盖100%); 晕眩3s(覆盖100%)
止颂,WARRIOR,fearless,5,1354.1,4332,277.0,0.0,2,0.0,0.0,0.0,0.0,0.0,0.0,0.0,0.0,1354.1,0.0,
Sharp,WARRIOR,fearless,5,1362.0,4012,287.0,0.0,2,0.0,0.0,0.0,0.0,0.0,0.0,0.0,0.0,1362.0,0.0,
圣约送葬人,WARRIOR,reaper,5,959.8,2841,491.0,0.0,4,0.0,0.0,0.0,0.0,0.0,0.0,0.0,0.0,959.8,0.0,
隐德来希,WARRIOR,reaper,5,825.0,2880,502.0,0.0,4,0.0,0.0,0.0,0.0,0.0,0.0,0.0,0.0,825.0,0.0,
玛恩纳,WARRIOR,librator,5,420.0,4626,502.0,15.0,4,0.0,0.0,0.0,0.0,0.0,0.0,0.0,0.0,420.0,0.0,
司霆惊蛰,WARRIOR,librator,5,432.0,4583,527.0,15.0,4,0.0,0.0,0.0,0.0,0.0,0.0,0.0,0.0,432.0,0.0,
斯卡蒂,WARRIOR,fearless,5,1368.0,4186,303.0,0.0,2,0.0,0.0,0.0,0.0,0.0,0.0,0.0,0.0,1368.0,0.0,
白面鸮,MEDIC,ringhealer,4,437.0,1710,150.0,0.0,12,0.0,0.0,0.0,0.0,0.0,0.0,0.0,0.0,437.0,0.0,
微风,MEDIC,ringhealer,4,420.0,2179,153.0,0.0,12,0.0,0.0,0.0,0.0,0.0,0.0,0.0,0.0,420.0,0.0,
瑰盐,MEDIC,ringhealer,4,406.9,1975,151.0,0.0,12,0.0,0.0,0.0,0.0,0.0,0.0,0.0,0.0,406.9,0.0,
凛冬,PIONEER,pioneer,4,470.0,2410,457.0,0.0,2,0.0,0.0,0.0,0.0,0.0,0.0,0.0,0.0,470.0,0.0,
德克萨斯,PIONEER,pioneer,4,612.0,2105,365.0,0.0,2,0.0,0.0,0.0,0.0,0.0,0.0,0.0,0.0,612.0,0.0,
贾维,PIONEER,pioneer,4,729.1,1824,433.5,0.0,2,0.0,0.0,0.0,0.0,0.0,0.0,0.0,0.0,729.1,0.0,
青枳,PIONEER,pioneer,4,475.0,2970,447.0,0.0,2,0.0,0.0,0.0,0.0,0.0,0.0,0.0,0.0,475.0,0.0,
郁金香,PIONEER,pioneer,4,582.0,1855,357.0,0.0,2,0.0,0.0,0.0,0.0,0.0,0.0,0.0,0.0,582.0,0.0,
红隼,PIONEER,pioneer,4,594.0,2140,382.0,0.0,2,0.0,0.0,0.0,0.0,0.0,0.0,0.0,0.0,594.0,0.0,
松桐,PIONEER,counsellor,4,715.0,2002,420.0,15.0,2,0.0,0.0,0.0,0.0,0.0,0.0,0.0,0.0,715.0,0.0,
苇草,PIONEER,charger,4,697.0,2395,364.0,20.0,2,0.0,0.0,0.0,0.0,0.0,0.0,0.0,0.0,697.0,0.0,
野鬃,PIONEER,charger,4,688.0,2225,372.0,0.0,2,0.0,0.0,0.0,0.0,0.0,0.0,0.0,0.0,688.0,0.0,
历阵锐枪芬,PIONEER,charger,4,705.0,2226,360.0,0.0,2,0.0,0.0,0.0,0.0,0.0,0.0,0.0,0.0,705.0,0.0,
极境,PIONEER,bearer,4,533.0,1819,450.0,0.0,2,0.0,0.0,0.0,0.6,0.0,0.0,0.0,0.0,533.0,24.0,
万顷,PIONEER,bearer,4,514.0,1751,485.0,0.0,2,0.0,0.0,0.0,0.0,0.0,0.0,0.0,0.0,514.0,0.0,
嘉辛塔,PIONEER,bearer,4,502.0,1783,492.0,0.0,2,0.0,0.0,0.0,0.0,0.0,0.0,0.0,0.0,502.0,0.0,
夜半,PIONEER,tactician,4,574.2,1775,153.0,0.0,12,0.0,0.0,0.0,0.0,0.0,0.0,0.0,0.0,574.2,0.0,
渡桥,PIONEER,tactician,4,595.0,1520,122.0,0.0,12,0.0,0.0,0.0,0.0,0.0,0.0,0.0,0.0,595.0,0.0,
晓歌,PIONEER,agent,4,735.1,2137,297.0,0.0,3,0.0,0.0,0.0,0.0,0.0,0.0,0.0,0.0,735.1,0.0,
谜图,PIONEER,agent,4,639.0,2080,264.0,0.0,3,0.0,0.0,0.0,0.0,0.0,0.0,0.0,0.0,639.0,0.0,
齐尔查克,PIONEER,agent,4,560.0,2280,342.0,0.0,3,0.0,0.0,0.0,0.0,0.0,0.0,0.0,0.0,560.0,0.0,
寻澜,PIONEER,agent,4,600.0,2250,306.0,0.0,3,0.0,0.0,0.0,0.0,0.0,0.0,0.0,0.0,600.0,0.0,
诗怀雅,WARRIOR,instructor,4,848.1,2084,443.0,0.0,3,0.0,0.0,0.0,0.0,0.0,0.0,0.0,0.0,848.1,0.0,
鞭刃,WARRIOR,instructor,4,727.0,1932,573.4,0.0,3,0.0,0.0,0.0,0.0,0.0,0.0,0.0,0.0,727.0,0.0,
苍苔,WARRIOR,instructor,4,745.0,2090,456.0,0.0,3,0.0,0.0,0.0,0.0,0.0,0.0,0.0,0.0,745.0,0.0,
医生,WARRIOR,instructor,4,692.0,3005,423.0,0.0,3,0.0,0.0,0.0,0.0,0.0,0.0,0.0,0.0,692.0,0.0,
芙兰卡,WARRIOR,fearless,4,1106.0,3988,260.0,0.0,2,0.0,0.0,0.0,0.0,0.0,0.0,0.0,0.0,1106.0,0.0,
炎客,WARRIOR,fearless,4,963.0,4807,195.0,0.0,2,0.0,0.0,0.0,0.0,0.0,0.0,0.0,0.0,963.0,0.0,
摩根,WARRIOR,fearless,4,1062.0,4160,268.0,0.0,2,0.0,0.0,0.0,0.0,0.0,0.0,0.0,0.0,1062.0,0.0,
Sharp,WARRIOR,fearless,4,1100.5,3565,265.0,0.0,2,0.0,0.0,0.0,0.0,0.0,0.0,0.0,0.0,1100.5,0.0,
莱欧斯,WARRIOR,fearless,4,1030.0,4088,321.0,0.0,2,0.0,0.0,0.0,0.0,0.0,0.0,0.0,0.0,1030.0,0.0,
因陀罗,WARRIOR,fighter,4,655.0,2765,350.0,0.0,2,0.0,0.0,0.0,0.0,0.0,0.0,0.0,0.0,655.0,0.0,
燧石,WARRIOR,fighter,4,675.0,2680,334.0,0.0,2,0.0,0.0,0.0,0.0,0.0,0.0,0.0,0.0,675.0,0.0,
达格达,WARRIOR,fighter,4,664.0,3247,345.0,0.0,2,0.0,0.0,0.0,0.0,0.0,0.0,0.0,0.0,664.0,0.0,
拉普兰德,WARRIOR,lord,4,800.0,2525,365.0,15.0,8,0.0,0.0,0.0,0.0,0.0,0.0,0.0,0.0,800.0,0.0,
断崖,WARRIOR,lord,4,800.0,2615,375.0,10.0,8,0.0,0.0,0.0,0.0,0.0,0.0,0.5,0.0,800.0,0.5,停顿1s(覆盖100%)
烈夏,WARRIOR,lord,4,779.0,2490,425.0,10.0,8,0.0,0.0,0.0,0.0,0.0,0.0,0.0,0.0,779.0,0.0,
铎铃,WARRIOR,crusher,4,2138.6,6878,0.0,0.0,2,0.0,0.0,0.0,0.0,0.0,0.0,0.0,0.0,2138.6,0.0,
柏喙,WARRIOR,sword,4,761.9,2550,332.0,0.0,2,0.0,0.0,0.0,0.0,0.0,0.0,0.9,0.0,761.9,0.9,晕眩1.8s(覆盖100%)
战车,WARRIOR,sword,4,716.0,2626,496.9,0.0,2,0.0,0.0,0.0,0.0,0.0,0.0,0.0,0.0,716.0,0.0,
幽灵鲨,WARRIOR,centurion,4,865.0,2893,403.0,0.0,2,0.0,0.0,0.0,0.0,0.0,0.0,0.0,0.0,865.0,0.0,
布洛卡,WARRIOR,centurion,4,1043.6,2490,456.3,0.0,2,0.0,0.0,0.0,0.0,0.0,0.0,0.0,0.0,1043.6,0.0,
导火索,WARRIOR,centurion,4,905.0,2840,349.8,0.0,2,0.0,0.0,0.0,0.0,0.0,0.0,0.0,0.0,905.0,0.0,
摆渡人,WARRIOR,centurion,4,876.0,2972,333.0,0.0,2,0.0,0.0,0.0,0.0,0.0,0.0,0.0,0.0,876.0,0.0,
星极,WARRIOR,artsfghter,4,732.0,2523,509.6,15.0,2,0.0,0.0,0.0,0.0,0.0,0.0,0.0,0.0,732.0,0.0,
铸铁,WARRIOR,artsfghter,4,660.0,3665,369.0,15.0,2,0.0,0.0,0.0,0.0,0.0,0.0,0.0,0.0,660.0,0.0,
赤冬,WARRIOR,musha,4,828.0,3635,485.0,0.0,2,0.0,0.0,0.0,0.0,0.0,0.0,0.0,0.0,828.0,0.0,
火龙S黑角,WARRIOR,musha,4,874.2,4018,391.0,0.0,2,0.0,0.0,0.0,0.0,0.0,0.0,0.0,0.0,874.2,0.0,
羽毛笔,WARRIOR,reaper,4,815.4,2490,482.0,0.0,4,0.0,0.0,0.0,0.0,0.0,0.0,0.0,0.0,815.4,0.0,
海沫,WARRIOR,reaper,4,710.0,2670,454.0,0.0,4,0.0,0.0,0.0,0.0,0.0,0.0,0.0,0.0,710.0,0.0,
龙舌兰,WARRIOR,librator,4,377.0,4247,526.0,15.0,4,0.0,0.0,0.0,0.0,0.0,0.0,0.0,0.0,377.0,0.0,
奥达,WARRIOR,hammer,4,1614.0,2843,367.0,0.0,2,0.0,0.0,0.0,0.0,0.0,0.0,0.0,0.0,1614.0,0.0,
聆音,WARRIOR,primguard,4,990.0,2600,350.0,10.0,2,0.0,0.0,0.0,0.0,0.0,0.0,0.0,0.0,990.0,0.0,
祐天寺若麦,WARRIOR,hammer,4,1400.8,2810,404.0,0.0,2,0.08,0.0,0.0,0.0,0.0,0.0,0.0,0.0,1400.8,8.0,脆弱+3%(覆盖100%); 脆弱+6%(覆盖100%); 脆弱+8%(覆盖100%)
哈蒂娅,WARRIOR,mercenary,4,608.4,2895,393.0,10.0,2,0.0,0.0,0.0,0.0,0.0,0.0,1.0,0.0,608.4,1.0,晕眩2s(覆盖100%)
雷狼龙S空爆,WARRIOR,mercenary,4,585.5,3290,467.0,10.0,2,0.0,0.0,0.0,0.0,0.0,0.0,0.0,0.0,585.5,0.0,
蓝毒,SNIPER,fastshot,4,640.0,1230,130.0,5.0,12,0.0,0.0,0.0,0.0,0.0,0.0,0.0,0.0,640.0,0.0,
白金,SNIPER,fastshot,4,620.0,1720,165.0,0.0,12,0.0,0.0,0.0,0.0,0.0,0.0,0.0,0.0,620.0,0.0,
灰喉,SNIPER,fastshot,4,621.0,1673,152.0,0.0,12,0.0,0.0,0.0,0.0,0.0,0.0,0.0,0.0,621.0,0.0,
Stormeye,SNIPER,fastshot,4,595.0,1549,159.0,0.0,12,0.0,0.0,0.0,0.0,0.0,0.0,0.0,0.0,595.0,0.0,
四月,SNIPER,fastshot,4,635.0,1470,160.0,0.0,12,0.0,0.0,0.0,0.0,0.0,0.0,0.0,0.0,635.0,0.0,
寒芒克洛丝,SNIPER,fastshot,4,608.0,1710,176.0,0.0,12,0.0,0.0,0.0,0.0,0.0,0.0,0.1,0.0,608.0,0.1,晕眩0.2s(覆盖100%)
隐现,SNIPER,fastshot,4,635.0,1600,178.0,0.0,12,0.0,0.0,0.0,0.0,0.0,0.0,0.0,0.0,635.0,0.0,
陨星,SNIPER,aoesniper,4,1624.0,1685,116.0,0.0,15,0.0,0.0,0.0,0.0,0.0,0.0,0.0,0.0,1624.0,0.0,
慑砂,SNIPER,aoesniper,4,978.0,1655,166.0,0.0,15,0.0,0.0,0.0,0.0,0.0,0.0,0.0,0.0,978.0,0.0,
截云,SNIPER,aoesniper,4,1162.3,1830,115.0,0.0,15,0.0,0.0,0.0,0.5,0.0,0.0,0.0,0.0,1162.3,20.0,
送葬人,SNIPER,reaperrange,4,837.0,2330,185.0,0.0,7,0.0,0.0,0.0,0.0,0.0,0.0,0.0,0.0,837.0,0.0,
奥斯塔,SNIPER,reaperrange,4,806.0,2576,192.0,0.0,7,0.0,0.0,0.0,0.0,0.0,0.0,0.0,0.0,806.0,0.0,
吉星,SNIPER,reaperrange,4,844.0,2500,190.0,0.0,7,0.0,0.0,0.0,0.0,0.0,0.0,0.0,0.0,844.0,0.0,
天空盒,SNIPER,skybreaker,4,984.0,1558,197.0,0.0,10,0.0,0.0,0.0,0.0,0.0,0.0,0.0,0.0,984.0,0.0,
阿米娅,CASTER,corecaster,4,732.0,1830,121.0,20.0,10,0.0,0.0,0.0,0.0,0.0,0.0,0.0,0.0,732.0,0.0,
苦艾,CASTER,corecaster,4,753.0,1570,124.0,20.0,10,0.0,0.0,0.0,0.0,0.0,0.0,0.0,0.0,753.0,0.0,
特米米,CASTER,corecaster,4,686.1,2120,144.0,20.0,10,0.0,0.0,0.0,0.0,0.0,0.0,0.0,0.0,686.1,0.0,
雪绒,CASTER,corecaster,4,745.0,1650,119.0,20.0,10,0.2,0.0,0.0,0.0,0.0,0.0,0.0,0.0,745.0,20.0,脆弱+10%(覆盖100%); 脆弱+2%(覆盖100%); 脆弱+20%(覆盖100%); 脆弱+2%(覆盖100%)
天火,CASTER,splashcaster,4,944.0,1620,122.0,20.0,9,0.0,0.0,0.0,0.0,0.0,0.0,0.0,0.0,944.0,0.0,
Pith,CASTER,splashcaster,4,821.0,1655,128.0,20.0,9,0.0,0.0,0.0,0.0,0.0,0.0,0.0,0.0,821.0,0.0,
惊蛰,CASTER,chain,4,785.0,1548,119.0,20.0,10,0.0,0.0,0.0,0.0,0.0,0.0,0.0,0.0,785.0,0.0,
星源,CASTER,chain,4,779.0,1560,122.0,20.0,10,0.0,0.0,0.0,0.0,0.0,0.0,0.0,0.0,779.0,0.0,
蜜蜡,CASTER,phalanx,4,875.0,2547,225.0,15.0,13,0.0,0.0,0.0,0.0,0.0,0.0,0.0,0.0,875.0,0.0,
莱恩哈特,CASTER,splashcaster,4,979.7,1792,120.0,20.0,9,0.0,0.0,0.0,0.0,0.0,0.0,0.0,0.0,979.7,0.0,
寒檀,CASTER,splashcaster,4,1116.0,1795,123.0,20.0,9,0.0,0.0,0.0,0.0,0.0,0.0,0.0,0.0,1116.0,0.0,
复奏,CASTER,splashcaster,4,950.0,1670,125.0,20.0,9,0.0,0.0,0.0,0.0,0.0,0.0,0.0,0.0,950.0,0.0,
薄绿,CASTER,phalanx,4,859.0,2115,283.1,15.0,13,0.0,0.0,0.0,0.0,0.0,0.0,0.0,0.0,859.0,0.0,
爱丽丝,CASTER,mystic,4,1471.0,1535,125.0,24.0,10,0.0,0.0,0.0,0.0,0.0,0.0,0.0,0.0,1471.0,0.0,
和弦,CASTER,mystic,4,1457.0,1546,125.0,24.0,10,0.0,0.0,0.0,0.6,0.0,0.0,0.0,0.0,1457.0,24.0,
戴菲恩,CASTER,mystic,4,1462.0,1652,128.0,20.0,10,0.0,0.0,0.0,0.0,0.0,0.0,0.0,0.0,1462.0,0.0,
炎狱炎熔,CASTER,splashcaster,4,950.0,1708,115.0,20.0,9,0.0,0.0,0.0,0.0,0.0,0.0,0.0,0.0,950.0,0.0,
蚀清,CASTER,blastcaster,4,910.0,1762,120.0,20.0,6,0.0,0.0,0.0,0.0,0.0,0.0,0.0,0.0,910.0,0.0,
阿罗玛,CASTER,blastcaster,4,900.0,1841,115.0,20.0,6,0.0,0.0,0.0,0.0,0.0,0.0,1.2,0.0,900.0,1.2,浮空2.5s(覆盖100%)
耶拉,CASTER,funnel,4,450.8,1577,121.0,20.0,10,0.0,0.0,0.0,0.0,0.0,0.0,0.0,0.0,450.8,0.0,
洛洛,CASTER,funnel,4,413.9,1548,139.0,20.0,10,0.0,0.0,0.0,0.0,0.0,0.0,0.0,0.0,413.9,0.0,
至简,CASTER,funnel,4,390.0,1600,120.0,20.0,10,0.0,0.0,0.0,0.0,0.0,0.0,0.0,0.0,390.0,0.0,
时隙,CASTER,funnel,4,474.6,1615,125.0,20.0,10,0.0,0.0,0.0,0.0,0.0,0.0,0.8,0.0,474.6,0.8,停顿1.5s(覆盖100%)
折光,CASTER,primcaster,4,870.8,1389,111.0,15.0,10,0.0,0.0,0.0,0.0,0.0,0.0,0.0,0.0,870.8,0.0,
温米,CASTER,primcaster,4,711.0,1438,106.0,15.0,10,0.0,0.0,0.0,0.0,0.0,0.0,0.0,0.0,711.0,0.0,
Miss.Christine,CASTER,primcaster,4,705.0,1404,117.0,15.0,10,0.0,0.0,0.0,0.0,0.0,0.0,0.0,0.0,705.0,0.0,
特克诺,CASTER,soulcaster,4,645.1,1855,105.0,20.0,10,0.0,0.0,0.0,0.0,0.0,0.0,0.0,0.0,645.1,0.0,
梅尔,SUPPORT,summoner,4,518.0,1388,130.0,20.0,10,0.0,0.0,0.0,0.0,0.0,0.0,0.0,0.0,518.0,0.0,
稀音,SUPPORT,summoner,4,468.0,1305,220.0,20.0,10,0.0,0.0,0.0,0.0,0.0,0.0,0.0,0.0,468.0,0.0,
衡沙,SUPPORT,summoner,4,525.0,1351,160.0,20.0,10,0.0,0.0,0.0,0.0,0.0,0.0,0.2,0.0,525.0,0.2,停顿1s(覆盖50%)
赫默,MEDIC,physician,4,557.0,1715,142.0,0.0,12,0.0,0.0,0.0,0.0,0.0,0.0,0.0,0.0,557.0,0.0,
华法琳,MEDIC,physician,4,627.0,1600,125.0,0.0,12,0.0,0.0,0.0,0.0,0.54,0.0,0.0,0.0,627.0,27.0,友方攻击+90%(覆盖60%)
亚叶,MEDIC,physician,4,529.0,1905,133.0,0.0,12,0.0,0.0,0.0,0.0,0.0,0.0,0.0,0.0,529.0,0.0,
Touch,MEDIC,physician,4,595.0,1633,135.0,0.0,12,0.0,0.0,0.0,0.0,0.0,0.0,0.0,0.0,595.0,0.0,
录武官,MEDIC,physician,4,577.0,1700,124.0,0.0,12,0.0,0.0,0.0,0.0,0.0,0.0,0.0,0.0,577.0,0.0,
锡兰,MEDIC,healer,4,553.0,1655,126.0,15.0,18,0.0,0.0,0.0,0.0,0.0,0.0,0.0,0.0,553.0,0.0,
絮雨,MEDIC,healer,4,572.0,1772,119.0,10.0,18,0.0,0.0,0.0,0.0,0.0,0.0,0.0,0.0,572.0,0.0,
诺威尔,MEDIC,healer,4,594.0,1712,108.0,10.0,18,0.0,0.0,0.0,0.0,0.0,0.0,0.0,0.0,594.0,0.0,
图耶,MEDIC,physician,4,615.0,1630,135.0,0.0,12,0.0,0.0,0.0,0.0,0.0,0.0,0.0,0.0,615.0,0.0,
桑葚,MEDIC,wandermedic,4,526.7,1597,99.0,10.0,18,0.0,0.0,0.0,0.0,0.0,0.0,0.0,0.0,526.7,0.0,
蜜莓,MEDIC,wandermedic,4,410.0,2033,107.0,10.0,18,0.0,0.0,0.0,0.0,0.0,0.0,0.0,0.0,410.0,0.0,
哈洛德,MEDIC,wandermedic,4,452.0,1640,100.0,10.0,18,0.0,0.0,0.0,0.0,0.0,0.0,0.0,0.0,452.0,0.0,
濯尘芙蓉,MEDIC,incantationmedic,4,611.0,1648,109.0,20.0,12,0.12,0.0,0.0,0.45,0.0,0.0,0.0,0.0,611.0,30.0,脆弱+6%(覆盖100%); 脆弱+2%(覆盖100%); 脆弱+12%(覆盖100%); 脆弱+2%(覆盖100%)
刺玫,MEDIC,incantationmedic,4,618.0,1693,100.0,20.0,12,0.0,0.0,0.0,0.0,0.0,0.0,0.0,0.0,618.0,0.0,
明椒,MEDIC,chainhealer,4,550.0,2066,171.0,0.0,12,0.0,0.0,0.0,0.0,0.0,0.0,0.0,0.0,550.0,0.0,
莎草,MEDIC,chainhealer,4,560.0,1865,193.0,0.0,12,0.0,0.0,0.0,0.0,0.0,0.0,0.0,0.0,560.0,0.0,
乌啾,MEDIC,chainhealer,4,555.0,2035,175.0,0.0,12,0.0,0.0,0.0,0.0,0.0,0.0,0.0,0.0,555.0,0.0,
风絮,MEDIC,watchman,4,505.0,1810,205.0,0.0,16,0.0,0.0,0.0,0.0,0.0,0.0,0.0,0.0,505.0,0.0,
临光,TANK,guardian,4,562.0,3080,625.0,10.0,1,0.0,0.0,0.0,0.0,0.0,0.0,0.0,0.0,562.0,0.0,
吽,TANK,guardian,4,442.0,3353,779.7,10.0,1,0.0,0.0,0.0,0.0,0.0,0.0,0.0,0.0,442.0,0.0,
深律,TANK,guardian,4,555.0,3180,600.0,15.0,1,0.0,0.0,0.0,0.0,0.0,0.0,0.0,0.0,555.0,0.0,
森西,TANK,guardian,4,510.0,3070,782.0,10.0,1,0.0,0.0,0.0,0.0,0.0,0.0,0.0,0.0,510.0,0.0,
红,SPECIAL,executor,4,679.0,1505,302.0,0.0,2,0.0,0.0,0.0,0.0,0.0,0.0,0.0,0.0,679.0,0.0,
槐琥,SPECIAL,executor,4,651.0,1550,334.0,0.0,2,0.0,0.0,0.0,0.0,0.0,0.0,0.0,0.0,651.0,0.0,
卡夫卡,SPECIAL,executor,4,731.2,2145,311.0,0.0,2,0.0,0.0,0.0,0.0,0.0,0.0,0.0,0.0,731.2,0.0,
乌有,SPECIAL,merchant,4,830.0,2838,396.0,0.0,2,0.0,0.0,0.0,0.0,0.0,0.0,2.0,0.0,830.0,2.0,晕眩3s(覆盖100%); 晕眩4s(覆盖100%)
裁度,SPECIAL,merchant,4,836.0,2813,411.0,0.0,2,0.0,0.0,0.0,0.0,0.0,0.0,0.0,0.0,836.0,0.0,
雷蛇,TANK,shotprotector,4,522.0,3240,798.0,10.0,3,0.0,0.0,0.0,0.0,0.0,0.0,0.0,0.0,522.0,0.0,
深巡,TANK,shotprotector,4,536.0,3253,784.0,0.0,3,0.0,0.0,0.0,0.0,0.0,0.0,0.0,0.0,536.0,0.0,
可颂,TANK,protector,4,380.0,4020,838.0,0.0,1,0.0,0.0,0.0,0.0,0.0,0.0,0.0,0.0,380.0,0.0,
拜松,TANK,protector,4,375.0,3706,946.0,0.0,1,0.0,0.0,0.0,0.0,0.0,0.0,0.0,0.0,375.0,0.0,
火神,TANK,unyield,4,870.0,4473,653.0,10.0,1,0.0,0.0,0.0,0.0,0.0,0.0,0.0,0.0,870.0,0.0,
折桠,TANK,unyield,4,865.0,4533,776.4,10.0,1,0.0,0.0,0.0,0.0,0.0,0.0,0.0,0.0,865.0,0.0,
石棉,TANK,artsprotector,4,718.0,3285,625.0,27.0,1,0.0,0.0,0.0,0.0,0.0,0.0,0.0,0.0,718.0,0.0,
暮落,TANK,artsprotector,4,746.3,3090,550.0,15.0,1,0.0,0.0,0.0,0.0,0.0,0.0,0.0,0.0,746.3,0.0,
暮落,TANK,artsprotector,4,918.8,3090,585.0,14.7,1,0.0,0.0,0.0,0.0,0.0,0.0,0.0,0.0,918.8,0.0,
车尔尼,TANK,artsprotector,4,665.0,3597,634.0,25.0,1,0.0,0.0,0.0,0.0,0.0,0.0,0.0,0.0,665.0,0.0,
闪击,TANK,shotprotector,4,542.0,3463,721.0,0.0,3,0.0,0.0,0.0,0.0,0.0,0.0,0.0,0.0,542.0,0.0,
暴雨,TANK,protector,4,378.0,4105,821.0,0.0,1,0.0,0.0,0.0,0.0,0.0,0.0,0.0,0.0,378.0,0.0,
灰毫,TANK,fortress,4,1083.5,3532,591.0,0.0,7,0.0,0.0,0.0,0.0,0.0,0.0,0.0,0.0,1083.5,0.0,
火哨,TANK,fortress,4,1168.2,2983,797.7,0.0,7,0.0,0.0,0.0,0.0,0.0,0.0,0.0,0.0,1168.2,0.0,
极光,TANK,duelist,4,1046.0,4407,695.0,0.0,2,0.0,0.0,0.0,0.0,0.0,0.0,0.0,0.0,1046.0,0.0,
洋灰,TANK,duelist,4,1099.0,3642,788.0,0.0,2,0.0,0.0,0.0,0.0,0.0,0.0,0.0,0.0,1099.0,0.0,
菲莱,TANK,primprotector,4,713.0,3527,584.0,10.0,1,0.0,0.0,0.0,0.0,0.0,0.0,0.0,0.0,713.0,0.0,
裂响,TANK,primprotector,4,632.0,3545,669.0,10.0,1,0.0,0.0,0.0,0.0,0.0,0.0,0.0,0.0,632.0,0.0,
普罗旺斯,SNIPER,closerange,4,926.0,1680,260.0,0.0,9,0.0,0.0,0.0,0.0,0.0,0.0,0.0,0.0,926.0,0.0,
玫拉,SNIPER,closerange,4,957.0,1664,240.0,0.0,9,0.0,0.0,0.0,0.0,0.0,0.0,0.0,0.0,957.0,0.0,
守林人,SNIPER,longrange,4,1262.0,1580,131.0,0.0,19,0.0,0.0,0.0,0.0,0.0,0.0,0.0,0.0,1262.0,0.0,
安哲拉,SNIPER,longrange,4,1201.0,1919,128.0,0.0,19,0.0,0.0,0.0,0.0,0.0,0.0,0.0,0.0,1201.0,0.0,
子月,SNIPER,longrange,4,1142.0,1996,155.0,0.0,19,0.0,0.0,0.0,0.0,0.0,0.0,0.0,0.0,1142.0,0.0,
熔泉,SNIPER,siegesniper,4,1124.0,1667,158.0,0.0,13,0.0,0.0,0.0,0.0,0.0,0.0,0.0,0.0,1124.0,0.0,
埃拉托,SNIPER,siegesniper,4,1097.0,1928,125.0,0.0,13,0.0,0.0,0.0,0.0,0.0,0.0,0.0,0.0,1097.0,0.0,
矩,SNIPER,siegesniper,4,1130.0,1880,120.0,0.0,13,0.0,0.0,0.0,0.0,0.0,0.0,0.0,0.0,1130.0,0.0,
承曦格雷伊,SNIPER,bombarder,4,728.0,2120,255.0,15.0,19,0.0,0.0,0.0,0.0,0.0,0.0,0.0,0.0,728.0,0.0,
冰酿,SNIPER,hunter,4,1138.0,2060,224.0,0.0,9,0.0,0.0,0.0,0.0,0.0,0.0,0.0,0.0,1138.0,0.0,
雪猎,SNIPER,hunter,4,1126.0,2120,222.0,0.0,9,0.0,0.0,0.0,0.0,0.0,0.0,0.0,0.0,1126.0,0.0,
水灯心,SNIPER,loopshooter,4,830.5,2560,165.0,0.0,15,0.0,0.0,0.0,0.0,0.0,0.0,0.0,0.0,830.5,0.0,
空构,SPECIAL,geek,4,747.0,2093,176.0,10.0,12,0.0,0.0,0.0,0.0,0.0,0.0,0.5,0.0,747.0,0.5,晕眩0.5s(覆盖100%); 晕眩1s(覆盖100%)
崖心,SPECIAL,hookmaster,4,1050.0,1970,445.2,0.0,4,0.0,0.0,0.0,0.0,0.0,0.0,0.0,0.0,1050.0,0.0,
雪雉,SPECIAL,hookmaster,4,745.0,2345,426.0,0.0,4,0.0,0.0,0.0,0.0,0.0,0.0,0.0,0.0,745.0,0.0,
杏仁,SPECIAL,hookmaster,4,695.0,2610,480.0,0.0,4,0.0,0.0,0.0,0.0,0.0,0.0,0.0,0.0,695.0,0.0,
初雪,SUPPORT,underminer,4,495.0,1785,102.0,25.0,16,0.33,0.0,0.0,0.0,0.0,0.0,0.0,0.0,495.0,33.0,脆弱+15%(覆盖100%); 脆弱+18%(覆盖100%); 脆弱+30%(覆盖100%); 脆弱+33%(覆盖100%)
巫恋,SUPPORT,underminer,4,503.0,1728,140.0,25.0,16,0.33,0.0,0.0,0.0,0.0,0.0,0.0,0.0,503.0,33.0,脆弱+10%(覆盖100%); 脆弱+13%(覆盖100%); 脆弱+20%(覆盖100%); 脆弱+23%(覆盖100%); 脆弱+30%(覆盖100%); 脆弱+33%(覆盖100%)
海霓,SUPPORT,underminer,4,538.0,1625,136.0,25.0,16,0.18,0.0,0.0,0.0,0.0,0.0,0.0,0.0,538.0,18.0,脆弱+8%(覆盖100%); 脆弱+10%(覆盖100%); 脆弱+16%(覆盖100%); 脆弱+18%(覆盖100%)
真理,SUPPORT,slower,4,583.0,1440,103.7,20.0,12,0.0,0.0,0.0,0.0,0.0,0.0,0.0,0.0,583.0,0.0,
格劳克斯,SUPPORT,slower,4,585.0,1687,100.0,20.0,12,0.0,0.0,0.0,0.0,0.0,0.0,0.0,0.0,585.0,0.0,
但书,SUPPORT,slower,4,672.8,1418,102.0,20.0,12,0.0,0.0,0.0,0.0,0.0,0.0,0.0,0.0,672.8,0.0,
小满,SUPPORT,slower,4,631.0,1380,100.0,20.0,12,0.0,0.0,0.0,0.0,0.0,0.0,0.0,0.0,631.0,0.0,
掠风,SUPPORT,craftsman,4,783.6,2900,465.0,0.0,2,0.0,0.0,0.0,0.0,0.0,0.0,0.0,0.0,783.6,0.0,
凯瑟琳,SUPPORT,craftsman,4,620.0,2880,490.0,0.0,2,0.0,0.0,0.0,0.0,0.0,0.0,0.0,0.0,620.0,0.0,
阿兰娜,SUPPORT,craftsman,4,665.0,2560,502.0,0.0,2,0.0,0.0,0.0,0.0,0.0,0.0,0.0,0.0,665.0,0.0,
空,SUPPORT,bard,4,439.6,1556,258.0,0.0,13,0.0,0.0,0.0,0.0,0.0,0.0,0.0,0.6,439.6,21.1,"鼓舞(施法者攻击力+100%,覆盖60%)"
海蒂,SUPPORT,bard,4,442.0,1610,310.0,0.0,13,0.0,0.0,0.0,0.0,0.0,0.0,0.0,0.6111111111111112,442.0,21.6,"鼓舞(施法者攻击力+110%,覆盖56%)"
三角初华,SUPPORT,bard,4,401.0,1610,253.0,0.0,13,0.0,0.0,0.0,0.0,0.0,0.0,0.0,0.0,401.0,0.0,
月禾,SUPPORT,blessing,4,535.0,2020,216.0,25.0,16,0.0,0.0,0.0,0.0,0.0,0.0,0.0,0.0,535.0,0.0,
九色鹿,SUPPORT,blessing,4,528.0,2035,204.0,25.0,16,0.0,0.0,0.0,0.0,0.0,0.0,0.0,0.0,528.0,0.0,
夏栎,SUPPORT,blessing,4,493.0,2190,227.0,25.0,16,0.0,0.0,0.0,0.0,0.0,0.0,0.0,0.0,493.0,0.0,
行箸,SUPPORT,blessing,4,513.0,1921,231.0,25.0,16,0.0,0.0,0.0,0.0,0.0,0.0,0.0,0.0,513.0,0.0,
撷英调香师,SUPPORT,blessing,4,520.0,2245,182.0,25.0,16,0.0,0.0,0.0,0.0,0.0,0.0,0.0,0.0,520.0,0.0,
凛视,SUPPORT,ritualist,4,565.0,1492,101.0,15.0,12,0.0,0.0,0.0,0.0,0.0,0.0,0.0,0.0,565.0,0.0,
波卜,SUPPORT,ritualist,4,521.0,1305,138.0,15.0,12,0.0,0.0,0.0,0.0,0.0,0.0,0.0,0.0,521.0,0.0,
伯塔尼,SUPPORT,ritualist,4,533.0,1465,108.0,15.0,12,0.0,0.0,0.0,0.0,0.0,0.0,0.0,0.0,533.0,0.0,
佩德洛,SUPPORT,supportiveranger,4,891.0,1805,210.0,10.0,14,0.0,0.0,0.0,0.0,0.0,0.0,0.0,0.0,891.0,0.0,
狮蝎,SPECIAL,stalker,4,1529.6,1630,404.0,30.0,10,0.0,0.0,0.0,0.5,0.0,0.0,0.0,0.0,1529.6,20.0,
绮良,SPECIAL,stalker,4,858.0,2310,400.0,30.0,10,0.0,0.0,0.0,0.0,0.0,0.0,0.0,0.0,858.0,0.0,
八幡海铃,SPECIAL,stalker,4,909.0,2074,361.0,30.0,10,0.0,0.0,0.0,0.0,0.0,0.0,1.5,0.0,909.0,1.5,停顿3s(覆盖100%)
食铁兽,SPECIAL,pusher,4,720.0,2315,417.0,0.0,2,0.0,0.0,0.0,0.3,0.0,0.0,0.0,0.0,720.0,12.0,
见行者,SPECIAL,pusher,4,713.0,2527,416.0,0.0,2,0.0,0.0,0.0,0.0,0.0,0.0,0.0,0.0,713.0,0.0,
罗宾,SPECIAL,traper,4,594.0,1827,166.0,0.0,12,0.0,0.0,0.0,0.0,0.0,0.0,0.0,0.0,594.0,0.0,
霜华,SPECIAL,traper,4,616.0,1559,182.0,0.0,12,0.0,0.0,0.0,0.0,0.0,0.0,0.0,0.0,616.0,0.0,
钼铅,SPECIAL,traper,4,610.0,1650,185.0,0.0,12,0.0,0.0,0.0,0.0,0.0,0.0,0.0,0.0,610.0,0.0,
贝娜,SPECIAL,dollkeeper,4,797.0,2815,315.0,0.0,2,0.0,0.0,0.0,0.0,0.0,0.0,0.0,0.0,797.0,0.0,
风丸,SPECIAL,dollkeeper,4,837.0,2372,358.0,0.0,2,0.0,0.0,0.0,0.0,0.0,0.0,0.0,0.0,837.0,0.0,
双月,SPECIAL,dollkeeper,4,823.0,2436,361.0,0.0,2,0.22,0.0,0.0,0.0,0.0,0.0,0.0,0.0,823.0,22.0,脆弱+10%(覆盖100%); 脆弱+12%(覆盖100%); 脆弱+20%(覆盖100%); 脆弱+22%(覆盖100%)
若叶睦,SPECIAL,dollkeeper,4,792.0,2740,478.8,0.0,2,0.0,0.0,0.0,0.0,0.0,0.0,0.0,0.0,792.0,0.0,
锡人,SPECIAL,alchemist,4,534.0,1414,99.0,30.0,13,0.0,0.0,0.0,0.0,0.0,0.0,0.0,0.0,534.0,0.0,
蒂比,SPECIAL,skywalker,4,785.0,2368,430.0,0.0,3,0.0,0.0,0.0,0.0,0.0,0.0,0.0,0.0,785.0,0.0,
响石,TANK,primprotector,4,606.0,3983,630.0,10.0,1,0.0,0.0,0.0,0.0,0.0,0.0,0.0,0.0,606.0,0.0,
暴行,WARRIOR,centurion,4,879.7,2430,448.5,0.0,2,0.0,0.0,0.0,0.0,0.0,0.0,0.0,0.0,879.7,0.0,
夜魔,CASTER,corecaster,4,890.4,1510,120.0,20.0,10,0.0,0.0,0.0,0.6,0.0,0.0,0.0,0.0,890.4,24.0,
格拉尼,PIONEER,charger,4,552.0,2435,504.0,0.0,2,0.0,0.0,0.0,0.0,0.0,0.0,0.0,0.0,552.0,0.0,
夜烟,CASTER,corecaster,3,683.0,1420,135.0,19.7,10,0.0,0.0,0.0,0.0,0.0,0.0,0.0,0.0,683.0,0.0,
预备干员-术师,CASTER,corecaster,3,623.0,1399,110.0,20.0,10,0.0,0.0,0.0,0.0,0.0,0.0,0.0,0.0,623.0,0.0,
远山,CASTER,splashcaster,3,993.6,2237,118.0,20.0,9,0.0,0.0,0.0,0.0,0.0,0.0,0.0,0.0,993.6,0.0,
格雷伊,CASTER,splashcaster,3,699.0,2007,130.0,20.0,9,0.0,0.0,0.0,0.0,0.0,0.0,0.0,0.0,699.0,0.0,
协律,CASTER,blastcaster,3,948.0,1703,110.0,20.0,6,0.0,0.0,0.0,0.0,0.0,0.0,0.0,0.0,948.0,0.0,
卡达,CASTER,funnel,3,400.0,1440,135.0,20.0,10,0.0,0.0,0.0,0.0,0.0,0.0,0.0,0.0,400.0,0.0,
深靛,CASTER,mystic,3,1286.0,1435,117.0,20.0,10,0.0,0.0,0.0,0.0,0.0,0.0,0.0,0.0,1286.0,0.0,
布丁,CASTER,chain,3,709.9,1456,108.0,20.0,10,0.0,0.0,0.0,0.0,0.0,0.0,0.0,0.0,709.9,0.0,
杰西卡,SNIPER,fastshot,3,604.2,1320,184.0,0.0,12,0.0,0.0,0.0,0.0,0.0,0.0,0.0,0.0,604.2,0.0,
流星,SNIPER,fastshot,3,560.0,1550,165.0,0.0,12,0.0,0.0,0.0,0.0,0.0,0.0,0.0,0.0,560.0,0.0,
红云,SNIPER,fastshot,3,581.0,1400,162.0,0.0,12,0.0,0.0,0.0,0.0,0.0,0.0,0.0,0.0,581.0,0.0,
梅,SNIPER,fastshot,3,638.4,1632,105.0,0.0,12,0.0,0.0,0.0,0.0,0.0,0.0,1.2,0.0,638.4,1.2,停顿2.5s(覆盖100%)
预备干员-狙击,SNIPER,fastshot,3,557.3,1550,100.0,0.0,12,0.0,0.0,0.0,0.0,0.0,0.0,0.0,0.0,557.3,0.0,
白雪,SNIPER,aoesniper,3,1076.4,1790,100.0,0.0,15,0.0,0.0,0.0,0.0,0.0,0.0,0.0,0.0,1076.4,0.0,减速0%(覆盖50%)
松果,SNIPER,reaperrange,3,762.0,2200,197.0,0.0,7,0.0,0.0,0.0,0.0,0.0,0.0,0.0,0.0,762.0,0.0,
安比尔,SNIPER,longrange,3,1133.0,1690,122.0,0.0,19,0.0,0.0,0.0,0.0,0.0,0.0,1.0,0.0,1133.0,1.0,晕眩2s(覆盖100%)
酸糖,SNIPER,closerange,3,815.0,1576,259.0,0.0,9,0.0,0.0,0.0,0.0,0.0,0.0,0.0,0.0,815.0,0.0,
铅踝,SNIPER,siegesniper,3,1301.8,1550,175.0,0.0,13,0.0,0.0,0.0,0.0,0.0,0.0,0.0,0.0,1301.8,0.0,
跃跃,SNIPER,loopshooter,3,695.0,2380,160.0,0.0,15,0.0,0.0,0.0,0.0,0.0,0.0,0.0,0.0,695.0,0.0,
讯使,PIONEER,pioneer,3,435.0,2180,510.9,0.0,2,0.0,0.0,0.0,0.0,0.0,0.0,0.0,0.0,435.0,0.0,
清道夫,PIONEER,pioneer,3,656.6,1835,388.6,0.0,2,0.0,0.0,0.0,0.0,0.0,0.0,0.0,0.0,656.6,0.0,
预备干员-先锋,PIONEER,pioneer,3,486.0,1750,330.0,0.0,2,0.0,0.0,0.0,0.0,0.0,0.0,0.0,0.0,486.0,0.0,
红豆,PIONEER,charger,3,684.0,1955,351.0,0.0,2,0.0,0.0,0.0,0.0,0.0,0.0,0.0,0.0,684.0,0.0,
桃金娘,PIONEER,bearer,3,520.0,1715,385.0,0.0,2,0.0,0.0,0.0,0.0,0.0,0.0,0.0,0.0,520.0,0.0,
豆苗,PIONEER,tactician,3,480.0,1709,143.8,0.0,12,0.0,0.0,0.0,0.0,0.0,0.0,0.0,0.0,480.0,0.0,
冬时,PIONEER,agent,3,537.0,1955,295.0,0.0,3,0.0,0.0,0.0,0.0,0.0,0.0,0.0,0.0,537.0,0.0,
杜宾,WARRIOR,instructor,3,753.5,2104,412.0,0.0,3,0.0,0.0,0.0,0.0,0.0,0.0,0.0,0.0,753.5,0.0,
缠丸,WARRIOR,fearless,3,971.0,6048,155.8,0.0,2,0.0,0.0,0.0,0.0,0.0,0.0,0.0,0.0,971.0,0.0,
断罪者,WARRIOR,fearless,3,1031.0,3705,188.0,0.0,2,0.0,0.0,0.0,0.0,0.0,0.0,5.0,0.0,1031.0,5.0,晕眩10s(覆盖100%)
预备干员-近卫,WARRIOR,fearless,3,939.6,3885,148.0,0.0,2,0.0,0.0,0.0,0.0,0.0,0.0,0.0,0.0,939.6,0.0,
霜叶,WARRIOR,lord,3,710.0,2260,413.0,10.0,8,0.0,0.0,0.0,0.5,0.0,0.0,0.0,0.0,710.0,20.0,
艾丝黛尔,WARRIOR,centurion,3,742.0,2970,315.0,0.0,2,0.0,0.0,0.0,0.0,0.0,0.0,0.0,0.0,742.0,0.0,
慕斯,WARRIOR,artsfghter,3,714.0,2565,392.0,15.0,2,0.0,0.0,0.0,0.0,0.0,0.0,0.0,0.0,714.0,0.0,
刻刀,WARRIOR,sword,3,706.0,2470,325.0,0.0,2,0.0,0.0,0.0,0.0,0.0,0.0,0.0,0.0,706.0,0.0,
宴,WARRIOR,musha,3,814.3,3684,366.1,0.0,2,0.0,0.0,0.0,0.0,0.0,0.0,0.0,0.0,814.3,0.0,
芳汀,WARRIOR,lord,3,740.0,2435,340.0,10.0,8,0.0,0.0,0.0,0.0,0.0,0.0,0.0,0.0,740.0,0.0,
罗小黑,WARRIOR,lord,3,768.0,2140,375.0,10.0,8,0.0,0.0,0.0,0.0,0.0,0.0,0.0,0.0,768.0,0.0,
石英,WARRIOR,crusher,3,1740.8,6876,0.0,0.0,2,0.0,0.0,0.0,0.0,0.0,0.0,0.0,0.0,1740.8,0.0,
休谟斯,WARRIOR,reaper,3,666.0,2350,500.0,0.0,4,0.0,0.0,0.0,0.0,0.0,0.0,0.0,0.0,666.0,0.0,
骋风,WARRIOR,librator,3,342.0,3885,511.0,15.0,4,0.0,0.0,0.0,0.0,0.0,0.0,0.0,0.0,342.0,0.0,
砾,SPECIAL,executor,3,452.0,1855,418.7,0.0,2,0.0,0.0,0.0,0.0,0.0,0.0,0.0,0.0,452.0,0.0,
预备干员-特种,SPECIAL,executor,3,464.4,1520,295.0,0.0,2,0.0,0.0,0.0,0.0,0.0,0.0,0.0,0.0,464.4,0.0,
孑,SPECIAL,merchant,3,764.0,2484,428.0,0.0,2,0.0,0.0,0.0,0.0,0.0,0.0,0.0,0.0,764.0,0.0,
暗索,SPECIAL,hookmaster,3,759.0,1920,385.0,0.0,4,0.0,0.0,0.0,0.0,0.0,0.0,0.0,0.0,759.0,0.0,
末药,MEDIC,physician,3,525.0,1520,131.0,0.0,12,0.0,0.0,0.0,0.0,0.0,0.0,0.0,0.0,525.0,0.0,
嘉维尔,MEDIC,physician,3,566.5,1650,282.0,0.0,12,0.0,0.0,0.0,0.0,0.0,0.0,0.0,0.0,566.5,0.0,
苏苏洛,MEDIC,physician,3,548.0,1445,122.0,0.0,12,0.0,0.0,0.0,0.0,0.0,0.0,0.0,0.0,548.0,0.0,
预备干员-医疗,MEDIC,physician,3,518.4,1400,130.0,0.0,12,0.0,0.0,0.0,0.0,0.0,0.0,0.0,0.0,518.4,0.0,
调香师,MEDIC,ringhealer,3,385.0,1800,145.0,0.0,12,0.0,0.0,0.0,0.0,0.0,0.0,0.0,0.0,385.0,0.0,
清流,MEDIC,healer,3,521.0,1515,150.0,10.0,18,0.0,0.0,0.0,0.0,0.0,0.0,0.0,0.0,521.0,0.0,
褐果,MEDIC,wandermedic,3,454.0,1307,101.0,10.0,18,0.0,0.0,0.0,0.0,0.0,0.0,0.0,0.0,454.0,0.0,
角峰,TANK,protector,3,375.0,4000,720.0,25.0,1,0.0,0.0,0.0,0.0,0.0,0.0,0.0,0.0,375.0,0.0,
蛇屠箱,TANK,protector,3,365.0,3275,997.1,0.0,1,0.0,0.0,0.0,0.0,0.0,0.0,0.0,0.0,365.0,0.0,
泡泡,TANK,protector,3,369.9,3666,785.0,0.0,1,0.0,0.0,0.0,0.0,0.0,0.0,0.0,0.0,369.9,0.0,
预备干员-重装,TANK,protector,3,325.0,3040,697.4,0.0,1,0.0,0.0,0.0,0.0,0.0,0.0,0.0,0.0,325.0,0.0,
露托,TANK,unyield,3,790.0,4300,605.0,10.0,1,0.0,0.0,0.0,0.0,0.0,0.0,0.0,0.0,790.0,0.0,
古米,TANK,guardian,3,490.0,3200,562.0,10.0,1,0.0,0.0,0.0,0.0,0.0,0.0,0.5,0.0,490.0,0.5,晕眩0.5s(覆盖100%); 晕眩1s(覆盖100%)
坚雷,TANK,artsprotector,3,770.6,3277,613.8,15.0,1,0.0,0.0,0.0,0.0,0.0,0.0,0.0,0.0,770.6,0.0,
深海色,SUPPORT,summoner,3,438.0,1684,125.0,15.0,10,0.0,0.0,0.0,0.0,0.0,0.0,0.0,0.0,438.0,0.0,
地灵,SUPPORT,slower,3,530.0,1335,139.0,20.0,12,0.0,0.0,0.0,0.0,0.0,0.0,0.0,0.0,530.0,0.0,
波登可,SUPPORT,slower,3,634.4,1273,96.0,20.0,12,0.0,0.0,0.0,0.0,0.0,0.0,0.0,0.0,634.4,0.0,
预备干员-辅助,SUPPORT,slower,3,526.0,1165,98.0,20.0,12,0.0,0.0,0.0,0.0,0.0,0.0,0.0,0.0,526.0,0.0,
罗比菈塔,SUPPORT,craftsman,3,570.0,2720,694.4,0.0,2,0.0,0.0,0.0,0.0,0.0,0.0,0.0,0.0,570.0,0.0,
盟约·辅助干员,SUPPORT,ritualist,3,482.0,1382,100.0,15.0,12,0.0,0.0,0.0,0.0,0.0,0.0,0.0,0.0,482.0,0.0,
伊桑,SPECIAL,stalker,3,802.0,2280,337.0,30.0,10,0.0,0.0,0.0,0.0,0.0,0.0,0.0,0.0,802.0,0.0,
阿消,SPECIAL,pusher,3,648.0,2175,387.0,23.0,2,0.0,0.0,0.0,0.0,0.0,0.0,0.0,0.0,648.0,0.0,
维荻,SPECIAL,dollkeeper,3,777.0,2551,259.0,8.0,2,0.0,0.0,0.0,0.0,0.0,0.0,0.0,0.0,777.0,0.0,
云迹,SPECIAL,skywalker,3,727.0,2255,470.8,0.0,3,0.0,0.0,0.0,0.0,0.0,0.0,0.0,0.0,727.0,0.0,
猎蜂,WARRIOR,fighter,3,661.3,2605,312.0,0.0,2,0.0,0.0,0.0,0.0,0.0,0.0,0.0,0.0,661.3,0.0,
杰克,WARRIOR,fighter,3,619.0,2518,328.0,0.0,2,0.0,0.0,0.0,0.0,0.0,0.0,0.0,0.0,619.0,0.0,
