char,profession,sub_profession,rarity,effects,合约Boss战_dmg,合约Boss战_time,合约Boss战_surv,合约Boss战_value,日常挂机_dmg,日常挂机_time,日常挂机_surv,日常挂机_value,高压群怪_dmg,高压群怪_time,高压群怪_surv,高压群怪_value
能天使,SNIPER,fastshot,5,,0,0,0,0,0,0,0,0,0,0,0,0
空弦,SNIPER,fastshot,5,,0,0,0,0,0,0,0,0,0,0,0,0
灰烬,SNIPER,fastshot,5,晕眩3s(覆盖100%); 晕眩4s(覆盖100%),0,650,0,650,0,0,0,0,0,7963,0,7963
Stormeye,SNIPER,fastshot,5,,0,0,0,0,0,0,0,0,0,0,0,0
黑,SNIPER,closerange,5,减防10%(覆盖100%); 减防20%(覆盖100%),9580,0,0,9580,282,0,0,282,601,0,0,601
鸿雪,SNIPER,closerange,5,减防18%(覆盖100%); 减防20%(覆盖100%),9580,0,0,9580,282,0,0,282,601,0,0,601
焰狐龙梓兰,SNIPER,closerange,5,,0,0,0,0,0,0,0,0,0,0,0,0
远牙,SNIPER,longrange,5,,0,0,0,0,0,0,0,0,0,0,0,0
蕾缪安,SNIPER,longrange,5,,0,0,0,0,0,0,0,0,0,0,0,0
W,SNIPER,aoesniper,5,,0,0,0,0,0,0,0,0,0,0,0,0
菲亚梅塔,SNIPER,aoesniper,5,,0,0,0,0,0,0,0,0,0,0,0,0
早露,SNIPER,siegesniper,5,,0,0,0,0,0,0,0,0,0,0,0,0
提丰,SNIPER,siegesniper,5,停顿3s(覆盖100%),0,488,0,488,0,0,0,0,0,7963,0,7963
迷迭香,SNIPER,bombarder,5,,0,0,0,0,0,0,0,0,0,0,0,0
维什戴尔,SNIPER,bombarder,5,晕眩0.5s(覆盖100%); 晕眩1s(覆盖100%),0,163,0,163,0,0,0,0,0,2889,0,2889
假日威龙陈,SNIPER,reaperrange,5,,0,2661,0,2661,0,0,0,0,0,7963,0,7963
莱伊,SNIPER,hunter,5,,0,0,0,0,0,0,0,0,0,0,0,0
娜仁图亚,SNIPER,loopshooter,5,,0,0,0,0,0,0,0,0,0,0,0,0
推进之王,PIONEER,pioneer,5,晕眩1.5s(覆盖83%),0,203,0,203,0,0,0,0,0,3611,0,3611
风笛,PIONEER,charger,5,,0,0,0,0,0,0,0,0,0,0,0,0
嵯峨,PIONEER,pioneer,5,,0,0,0,0,0,0,0,0,0,0,0,0
忍冬,PIONEER,pioneer,5,,0,0,0,0,0,0,0,0,0,0,0,0
琴柳,PIONEER,bearer,5,脆弱+30%(覆盖43%),14674,0,0,14674,978,0,0,978,2609,0,0,2609
焰尾,PIONEER,pioneer,5,,0,0,0,0,0,0,0,0,0,0,0,0
郁金香,PIONEER,pioneer,5,回费1点,50,0,0,50,50,0,0,50,50,0,0,50
伺夜,PIONEER,tactician,5,,0,0,0,0,0,0,0,0,0,0,0,0
缪尔赛思,PIONEER,tactician,5,,0,0,0,0,0,0,0,0,0,0,0,0
可露希尔,PIONEER,tactician,5,,0,0,0,0,0,0,0,0,0,0,0,0
凛御银灰,PIONEER,counsellor,5,脆弱+30%(覆盖84%); 回费24点,29621,0,0,29621,3095,0,0,3095,6253,0,0,6253
伊内丝,PIONEER,agent,5,,0,0,0,0,0,0,0,0,0,0,0,0
伊芙利特,CASTER,blastcaster,5,,0,0,0,0,0,0,0,0,0,0,0,0
谬因,CASTER,blastcaster,5,,0,0,0,0,0,0,0,0,0,0,0,0
莫斯提马,CASTER,splashcaster,5,友方技力回复+0.2/秒(覆盖100%); 友方技力回复+0.4/秒(覆盖100%),16071,0,0,16071,1071,0,0,1071,2857,0,0,2857
艾雅法拉,CASTER,corecaster,5,,0,0,0,0,0,0,0,0,0,0,0,0
刻俄柏,CASTER,corecaster,5,,0,0,0,0,0,0,0,0,0,0,0,0
霍尔海雅,CASTER,corecaster,5,,0,0,0,0,0,0,0,0,0,0,0,0
逻各斯,CASTER,corecaster,5,减速40%(覆盖67%); 停顿0.8s(覆盖100%),0,1313,0,1313,0,0,0,0,0,6688,0,6688
夕,CASTER,splashcaster,5,,0,0,0,0,0,0,0,0,0,0,0,0
玛露西尔,CASTER,splashcaster,5,,0,0,0,0,0,0,0,0,0,0,0,0
Pith,CASTER,splashcaster,5,,0,0,0,0,0,0,0,0,0,0,0,0
异客,CASTER,chain,5,,0,0,0,0,0,0,0,0,0,0,0,0
卡涅利安,CASTER,phalanx,5,,0,0,0,0,0,0,0,0,0,0,0,0
林,CASTER,phalanx,5,停顿1s(覆盖100%); 晕眩1s(覆盖100%),0,325,0,325,0,0,0,0,0,5778,0,5778
圣聆初雪,CASTER,phalanx,5,减速10%(覆盖100%); 减速10%(覆盖100%); 减速10%(覆盖100%); 减速10%(覆盖100%); 减速12%(覆盖100%); 减速12%(覆盖100%); 冻结4s(覆盖100%),0,1094,0,1094,0,0,0,0,0,9604,0,9604
澄闪,CASTER,funnel,5,,0,0,0,0,0,0,0,0,0,0,0,0
荒芜拉普兰德,CASTER,funnel,5,,0,3252,0,3252,0,0,0,0,0,7963,0,7963
黑键,CASTER,mystic,5,,0,0,0,0,0,0,0,0,0,0,0,0
维伊,CASTER,mystic,5,,0,0,0,0,0,0,0,0,0,0,0,0
妮芙,CASTER,primcaster,5,,0,0,0,0,0,0,0,0,0,0,0,0
烛煌,CASTER,primcaster,5,晕眩5s(覆盖100%); 减速50%,0,4065,0,4065,0,0,0,0,0,15926,0,15926
真言,CASTER,primcaster,5,,0,0,0,0,0,0,0,0,0,0,0,0
死芒,CASTER,soulcaster,5,,0,0,0,0,0,0,0,0,0,0,0,0
灵知,SUPPORT,underminer,5,脆弱+15%(覆盖100%); 脆弱+17%(覆盖100%); 脆弱+25%(覆盖100%); 脆弱+27%(覆盖100%),30375,0,0,30375,2025,0,0,2025,5400,0,0,5400
安洁莉娜,SUPPORT,slower,5,,0,0,0,0,0,0,0,0,0,0,0,0
铃兰,SUPPORT,slower,5,友方技力回复+0.2/秒(覆盖100%); 友方技力回复+0.4/秒(覆盖100%); 脆弱+20%(覆盖100%); 脆弱+23%(覆盖100%),41946,0,0,41946,2796,0,0,2796,7457,0,0,7457
Raidian,SUPPORT,slower,5,脆弱+25%(覆盖80%),22500,0,0,22500,1500,0,0,1500,4000,0,0,4000
溯光星源,SUPPORT,slower,5,脆弱+10%(覆盖100%); 脆弱+12%(覆盖100%),13500,0,0,13500,900,0,0,900,2400,0,0,2400
麦哲伦,SUPPORT,summoner,5,,0,0,0,0,0,0,0,0,0,0,0,0
电弧,SUPPORT,summoner,5,停顿2s(覆盖75%) | 护盾100%最大生命,0,244,1533,1777,0,0,1533,1533,0,4333,1533,5867
浊心斯卡蒂,SUPPORT,bard,5,"鼓舞(施法者攻击力+60%,覆盖100%); 鼓舞(施法者攻击力+110%,覆盖50%)",50802,0,0,50802,3070,0,0,3070,7849,0,0,7849
魔王,SUPPORT,bard,5,,0,0,0,0,0,0,0,0,0,0,0,0
淬羽赫默,SUPPORT,blessing,5,,0,0,0,0,0,0,0,0,0,0,0,0
遥,SUPPORT,blessing,5,,0,0,0,0,0,0,0,0,0,0,0,0
令,SUPPORT,summoner,5,,0,0,0,0,0,0,0,0,0,0,0,0
白铁,SUPPORT,craftsman,5,,0,0,0,0,0,0,0,0,0,0,0,0
娜斯提,SUPPORT,craftsman,5,,0,0,0,0,0,0,0,0,0,0,0,0
塑心,SUPPORT,ritualist,5,停顿0.2s(覆盖100%),0,33,0,33,0,0,0,0,0,578,0,578
酒神,SUPPORT,ritualist,5,,0,0,0,0,0,0,0,0,0,0,0,0
傀影,SPECIAL,executor,5,,0,0,0,0,0,0,0,0,0,0,0,0
缄默德克萨斯,SPECIAL,executor,5,,0,0,0,0,0,0,0,0,0,0,0,0
麒麟R夜刀,SPECIAL,executor,5,,0,0,0,0,0,0,0,0,0,0,0,0
弑君者,SPECIAL,executor,5,,0,0,0,0,0,0,0,0,0,0,0,0
Misery,SPECIAL,executor,5,,0,0,0,0,0,0,0,0,0,0,0,0
老鲤,SPECIAL,merchant,5,晕眩3s(覆盖100%); 冻结3s(覆盖100%),0,976,0,976,0,0,0,0,0,7963,0,7963
琳琅诗怀雅,SPECIAL,merchant,5,停顿3s(覆盖4%),0,20,0,20,0,0,0,0,0,347,0,347
温蒂,SPECIAL,pusher,5,,0,0,0,0,0,0,0,0,0,0,0,0
阿,SPECIAL,geek,5,晕眩0.6s(覆盖100%); 停顿1s(覆盖100%); 晕眩0.8s(覆盖100%); 停顿1.2s(覆盖100%); 晕眩1s(覆盖100%); 停顿1.4s(覆盖100%),0,390,0,390,0,0,0,0,0,6933,0,6933
新约能天使,SPECIAL,geek,5,护盾250%最大生命,0,0,6400,6400,0,0,6400,6400,0,0,6400,6400
歌蕾蒂娅,SPECIAL,hookmaster,5,减速50%,0,3252,0,3252,0,0,0,0,0,7963,0,7963
水月,SPECIAL,stalker,5,,0,0,0,0,0,0,0,0,0,0,0,0
阿斯卡纶,SPECIAL,stalker,5,减速60%,0,4878,0,4878,0,0,0,0,0,7963,0,7963
归溟幽灵鲨,SPECIAL,dollkeeper,5,,0,0,0,0,0,0,0,0,0,0,0,0
多萝西,SPECIAL,traper,5,,0,0,0,0,0,0,0,0,0,0,0,0
艾拉,SPECIAL,traper,5,脆弱+35%(覆盖53%),20724,0,0,20724,1382,0,0,1382,3684,0,0,3684
望,SPECIAL,traper,5,减速50%(覆盖100%),0,3252,0,3252,0,0,0,0,0,7963,0,7963
引星棘刺,SPECIAL,alchemist,5,敌方减攻15%; 敌方减防35% | 治疗340/次,16766,0,25075,41840,493,0,543,1037,1051,0,1436,2487
予愿安洁莉娜,SPECIAL,skywalker,5,减速60%,0,4878,0,4878,0,0,0,0,0,7963,0,7963
闪灵,MEDIC,physician,5,,0,0,0,0,0,0,0,0,0,0,0,0
Touch,MEDIC,physician,5,治疗968/次,0,0,41840,41840,0,0,1366,1366,0,0,3349,3349
夜莺,MEDIC,ringhealer,5,,0,0,0,0,0,0,0,0,0,0,0,0
凯尔希,MEDIC,physician,5,晕眩3s(覆盖100%),0,488,0,488,0,0,0,0,0,7963,0,7963
流明,MEDIC,healer,5,治疗1260/次,0,0,54489,54489,0,0,1779,1779,0,0,4362,4362
纯烬艾雅法拉,MEDIC,wandermedic,5,治疗317/秒,0,0,13726,13726,0,0,448,448,0,0,1099,1099
焰影苇草,MEDIC,incantationmedic,5,脆弱+10%(覆盖100%); 脆弱+2%(覆盖100%); 脆弱+20%(覆盖100%); 脆弱+2%(覆盖100%),22500,0,0,22500,1500,0,0,1500,4000,0,0,4000
缇缇,MEDIC,incantationmedic,5,,0,0,0,0,0,0,0,0,0,0,0,0
Mon3tr,MEDIC,chainhealer,5,治疗1558/次; 治疗389/秒,0,0,67354,67354,0,0,2200,2200,0,0,5391,5391
凯尔希·思衡托,MEDIC,watchman,5,治疗1020/秒,0,0,44110,44110,0,0,1440,1440,0,0,3531,3531
星熊,TANK,protector,5,,0,0,0,0,0,0,0,0,0,0,0,0
Mechanist,TANK,protector,5,,0,0,0,0,0,0,0,0,0,0,0,0
塞雷娅,TANK,guardian,5,法术脆弱+55%(覆盖100%) | 治疗889/次; 治疗222/秒,22024,4878,38460,65362,654,0,1256,1910,2244,7963,3079,13285
瑕光,TANK,guardian,5,,0,0,0,0,0,0,0,0,0,0,0,0
黍,TANK,guardian,5,友方攻击+25%(覆盖67%),26734,0,0,26734,1485,0,0,1485,3834,0,0,3834
年,TANK,protector,5,,0,0,0,0,0,0,0,0,0,0,0,0
泥岩,TANK,unyield,5,减速60%,0,4878,0,4878,0,0,0,0,0,7963,0,7963
斥罪,TANK,unyield,5,,0,0,0,0,0,0,0,0,0,0,0,0
森蚺,TANK,duelist,5,,0,0,0,0,0,0,0,0,0,0,0,0
号角,TANK,fortress,5,,0,0,0,0,0,0,0,0,0,0,0,0
涤火杰西卡,TANK,shotprotector,5,,0,0,0,0,0,0,0,0,0,0,0,0
信仰搅拌机,TANK,shotprotector,5,,0,0,0,0,0,0,0,0,0,0,0,0
机械师,TANK,shotprotector,5,,0,0,0,0,0,0,0,0,0,0,0,0
余,TANK,primprotector,5,,0,0,0,0,0,0,0,0,0,0,0,0
珊比,TANK,primprotector,5,,0,0,0,0,0,0,0,0,0,0,0,0
斩业星熊,TANK,artsprotector,5,,0,0,0,0,0,0,0,0,0,0,0,0
山,WARRIOR,fighter,5,,0,0,0,0,0,0,0,0,0,0,0,0
重岳,WARRIOR,fighter,5,,0,0,0,0,0,0,0,0,0,0,0,0
贝洛内,WARRIOR,fighter,5,,0,0,0,0,0,0,0,0,0,0,0,0
银灰,WARRIOR,lord,5,,0,0,0,0,0,0,0,0,0,0,0,0
棘刺,WARRIOR,lord,5,,0,0,0,0,0,0,0,0,0,0,0,0
仇白,WARRIOR,lord,5,,0,0,0,0,0,0,0,0,0,0,0,0
丰川祥子,WARRIOR,lord,5,,0,0,0,0,0,0,0,0,0,0,0,0
领主·Sharp,WARRIOR,lord,5,,0,0,0,0,0,0,0,0,0,0,0,0
赫德雷,WARRIOR,crusher,5,,0,0,0,0,0,0,0,0,0,0,0,0
乌尔比安,WARRIOR,crusher,5,,0,0,0,0,0,0,0,0,0,0,0,0
佩佩,WARRIOR,hammer,5,,0,0,0,0,0,0,0,0,0,0,0,0
怒潮凛冬,WARRIOR,hammer,5,,0,0,0,0,0,0,0,0,0,0,0,0
陈,WARRIOR,sword,5,,0,0,0,0,0,0,0,0,0,0,0,0
艾丽妮,WARRIOR,sword,5,,0,0,0,0,0,0,0,0,0,0,0,0
锏,WARRIOR,sword,5,,0,0,0,0,0,0,0,0,0,0,0,0
煌,WARRIOR,centurion,5,,0,0,0,0,0,0,0,0,0,0,0,0
百炼嘉维尔,WARRIOR,centurion,5,治疗402/次,0,0,17377,17377,0,0,567,567,0,0,1391,1391
史尔特尔,WARRIOR,artsfghter,5,,0,0,0,0,0,0,0,0,0,0,0,0
薇薇安娜,WARRIOR,artsfghter,5,,0,0,0,0,0,0,0,0,0,0,0,0
维娜·维多利亚,WARRIOR,artsfghter,5,,0,0,0,0,0,0,0,0,0,0,0,0
赤刃明霄陈,WARRIOR,artsfghter,5,,0,0,0,0,0,0,0,0,0,0,0,0
赫拉格,WARRIOR,musha,5,,0,0,0,0,0,0,0,0,0,0,0,0
左乐,WARRIOR,musha,5,,0,0,0,0,0,0,0,0,0,0,0,0
帕拉斯,WARRIOR,instructor,5,,0,0,0,0,0,0,0,0,0,0,0,0
耀骑士临光,WARRIOR,fearless,5,晕眩2s(覆盖100%); 晕眩3s(覆盖100%),0,488,0,488,0,0,0,0,0,7963,0,7963
止颂,WARRIOR,fearless,5,,0,0,0,0,0,0,0,0,0,0,0,0
Sharp,WARRIOR,fearless,5,,0,0,0,0,0,0,0,0,0,0,0,0
圣约送葬人,WARRIOR,reaper,5,,0,0,0,0,0,0,0,0,0,0,0,0
隐德来希,WARRIOR,reaper,5,,0,0,0,0,0,0,0,0,0,0,0,0
玛恩纳,WARRIOR,librator,5,,0,0,0,0,0,0,0,0,0,0,0,0
司霆惊蛰,WARRIOR,librator,5,,0,0,0,0,0,0,0,0,0,0,0,0
斯卡蒂,WARRIOR,fearless,5,,0,0,0,0,0,0,0,0,0,0,0,0
白面鸮,MEDIC,ringhealer,4,友方技力回复+0.15/秒(覆盖100%); 友方技力回复+0.3/秒(覆盖100%),12981,0,0,12981,865,0,0,865,2308,0,0,2308
微风,MEDIC,ringhealer,4,,0,0,0,0,0,0,0,0,0,0,0,0
瑰盐,MEDIC,ringhealer,4,治疗773/次,0,0,33437,33437,0,0,1092,1092,0,0,2676,2676
凛冬,PIONEER,pioneer,4,回费1点,50,0,0,50,50,0,0,50,50,0,0,50
德克萨斯,PIONEER,pioneer,4,,0,0,0,0,0,0,0,0,0,0,0,0
贾维,PIONEER,pioneer,4,,0,0,0,0,0,0,0,0,0,0,0,0
青枳,PIONEER,pioneer,4,,0,0,0,0,0,0,0,0,0,0,0,0
郁金香,PIONEER,pioneer,4,,0,0,0,0,0,0,0,0,0,0,0,0
红隼,PIONEER,pioneer,4,,0,0,0,0,0,0,0,0,0,0,0,0
松桐,PIONEER,counsellor,4,,0,0,0,0,0,0,0,0,0,0,0,0
苇草,PIONEER,charger,4,,0,0,0,0,0,0,0,0,0,0,0,0
野鬃,PIONEER,charger,4,,0,0,0,0,0,0,0,0,0,0,0,0
历阵锐枪芬,PIONEER,charger,4,,0,0,0,0,0,0,0,0,0,0,0,0
极境,PIONEER,bearer,4,减速60%; 敌方减防35%,16766,4878,0,21643,493,0,0,493,1051,7963,0,9014
万顷,PIONEER,bearer,4,治疗128/秒,0,0,5557,5557,0,0,181,181,0,0,445,445
嘉辛塔,PIONEER,bearer,4,治疗126/秒,0,0,5427,5427,0,0,177,177,0,0,434,434
夜半,PIONEER,tactician,4,,0,0,0,0,0,0,0,0,0,0,0,0
渡桥,PIONEER,tactician,4,,0,0,0,0,0,0,0,0,0,0,0,0
晓歌,PIONEER,agent,4,,0,0,0,0,0,0,0,0,0,0,0,0
谜图,PIONEER,agent,4,,0,0,0,0,0,0,0,0,0,0,0,0
齐尔查克,PIONEER,agent,4,,0,0,0,0,0,0,0,0,0,0,0,0
寻澜,PIONEER,agent,4,回费1点; 回费2点,100,0,0,100,100,0,0,100,100,0,0,100
诗怀雅,WARRIOR,instructor,4,,0,0,0,0,0,0,0,0,0,0,0,0
鞭刃,WARRIOR,instructor,4,,0,0,0,0,0,0,0,0,0,0,0,0
苍苔,WARRIOR,instructor,4,,0,0,0,0,0,0,0,0,0,0,0,0
医生,WARRIOR,instructor,4,治疗2768/次; 治疗5190/次,0,0,224442,224442,0,0,7329,7329,0,0,17966,17966
芙兰卡,WARRIOR,fearless,4,,0,0,0,0,0,0,0,0,0,0,0,0
炎客,WARRIOR,fearless,4,,0,0,0,0,0,0,0,0,0,0,0,0
摩根,WARRIOR,fearless,4,护盾70%最大生命,0,0,2912,2912,0,0,2912,2912,0,0,2912,2912
Sharp,WARRIOR,fearless,4,,0,0,0,0,0,0,0,0,0,0,0,0
莱欧斯,WARRIOR,fearless,4,,0,0,0,0,0,0,0,0,0,0,0,0
因陀罗,WARRIOR,fighter,4,,0,0,0,0,0,0,0,0,0,0,0,0
燧石,WARRIOR,fighter,4,,0,0,0,0,0,0,0,0,0,0,0,0
达格达,WARRIOR,fighter,4,,0,0,0,0,0,0,0,0,0,0,0,0
拉普兰德,WARRIOR,lord,4,,0,0,0,0,0,0,0,0,0,0,0,0
断崖,WARRIOR,lord,4,停顿1s(覆盖100%),0,163,0,163,0,0,0,0,0,2889,0,2889
烈夏,WARRIOR,lord,4,,0,0,0,0,0,0,0,0,0,0,0,0
铎铃,WARRIOR,crusher,4,,0,0,0,0,0,0,0,0,0,0,0,0
柏喙,WARRIOR,sword,4,晕眩1.8s(覆盖100%),0,293,0,293,0,0,0,0,0,5200,0,5200
战车,WARRIOR,sword,4,,0,0,0,0,0,0,0,0,0,0,0,0
幽灵鲨,WARRIOR,centurion,4,,0,0,0,0,0,0,0,0,0,0,0,0
布洛卡,WARRIOR,centurion,4,停顿1s(覆盖62%),0,102,0,102,0,0,0,0,0,1806,0,1806
导火索,WARRIOR,centurion,4,,0,0,0,0,0,0,0,0,0,0,0,0
摆渡人,WARRIOR,centurion,4,护盾8%最大生命,0,0,238,238,0,0,238,238,0,0,238,238
星极,WARRIOR,artsfghter,4,,0,0,0,0,0,0,0,0,0,0,0,0
铸铁,WARRIOR,artsfghter,4,,0,0,0,0,0,0,0,0,0,0,0,0
赤冬,WARRIOR,musha,4,,0,0,0,0,0,0,0,0,0,0,0,0
火龙S黑角,WARRIOR,musha,4,,0,0,0,0,0,0,0,0,0,0,0,0
羽毛笔,WARRIOR,reaper,4,,0,0,0,0,0,0,0,0,0,0,0,0
海沫,WARRIOR,reaper,4,,0,0,0,0,0,0,0,0,0,0,0,0
龙舌兰,WARRIOR,librator,4,,0,0,0,0,0,0,0,0,0,0,0,0
奥达,WARRIOR,hammer,4,,0,0,0,0,0,0,0,0,0,0,0,0
聆音,WARRIOR,primguard,4,,0,0,0,0,0,0,0,0,0,0,0,0
祐天寺若麦,WARRIOR,hammer,4,脆弱+3%(覆盖100%); 脆弱+6%(覆盖100%); 脆弱+8%(覆盖100%),9000,0,0,9000,600,0,0,600,1600,0,0,1600
哈蒂娅,WARRIOR,mercenary,4,晕眩2s(覆盖100%),0,325,0,325,0,0,0,0,0,5778,0,5778
雷狼龙S空爆,WARRIOR,mercenary,4,,0,0,0,0,0,0,0,0,0,0,0,0
蓝毒,SNIPER,fastshot,4,,0,0,0,0,0,0,0,0,0,0,0,0
白金,SNIPER,fastshot,4,,0,0,0,0,0,0,0,0,0,0,0,0
灰喉,SNIPER,fastshot,4,,0,0,0,0,0,0,0,0,0,0,0,0
Stormeye,SNIPER,fastshot,4,,0,0,0,0,0,0,0,0,0,0,0,0
四月,SNIPER,fastshot,4,,0,0,0,0,0,0,0,0,0,0,0,0
寒芒克洛丝,SNIPER,fastshot,4,晕眩0.2s(覆盖100%),0,33,0,33,0,0,0,0,0,578,0,578
隐现,SNIPER,fastshot,4,,0,0,0,0,0,0,0,0,0,0,0,0
陨星,SNIPER,aoesniper,4,,0,0,0,0,0,0,0,0,0,0,0,0
慑砂,SNIPER,aoesniper,4,,0,0,0,0,0,0,0,0,0,0,0,0
截云,SNIPER,aoesniper,4,减速50%,0,3252,0,3252,0,0,0,0,0,7963,0,7963
送葬人,SNIPER,reaperrange,4,,0,0,0,0,0,0,0,0,0,0,0,0
奥斯塔,SNIPER,reaperrange,4,,0,0,0,0,0,0,0,0,0,0,0,0
吉星,SNIPER,reaperrange,4,,0,0,0,0,0,0,0,0,0,0,0,0
天空盒,SNIPER,skybreaker,4,,0,0,0,0,0,0,0,0,0,0,0,0
阿米娅,CASTER,corecaster,4,,0,0,0,0,0,0,0,0,0,0,0,0
苦艾,CASTER,corecaster,4,,0,0,0,0,0,0,0,0,0,0,0,0
特米米,CASTER,corecaster,4,,0,0,0,0,0,0,0,0,0,0,0,0
雪绒,CASTER,corecaster,4,脆弱+10%(覆盖100%); 脆弱+2%(覆盖100%); 脆弱+20%(覆盖100%); 脆弱+2%(覆盖100%),22500,0,0,22500,1500,0,0,1500,4000,0,0,4000
天火,CASTER,splashcaster,4,,0,0,0,0,0,0,0,0,0,0,0,0
Pith,CASTER,splashcaster,4,,0,0,0,0,0,0,0,0,0,0,0,0
惊蛰,CASTER,chain,4,,0,0,0,0,0,0,0,0,0,0,0,0
星源,CASTER,chain,4,,0,0,0,0,0,0,0,0,0,0,0,0
蜜蜡,CASTER,phalanx,4,,0,0,0,0,0,0,0,0,0,0,0,0
莱恩哈特,CASTER,splashcaster,4,,0,0,0,0,0,0,0,0,0,0,0,0
寒檀,CASTER,splashcaster,4,,0,0,0,0,0,0,0,0,0,0,0,0
复奏,CASTER,splashcaster,4,,0,0,0,0,0,0,0,0,0,0,0,0
薄绿,CASTER,phalanx,4,,0,0,0,0,0,0,0,0,0,0,0,0
爱丽丝,CASTER,mystic,4,,0,0,0,0,0,0,0,0,0,0,0,0
和弦,CASTER,mystic,4,减速60%,0,4878,0,4878,0,0,0,0,0,7963,0,7963
戴菲恩,CASTER,mystic,4,,0,0,0,0,0,0,0,0,0,0,0,0
炎狱炎熔,CASTER,splashcaster,4,,0,0,0,0,0,0,0,0,0,0,0,0
蚀清,CASTER,blastcaster,4,,0,0,0,0,0,0,0,0,0,0,0,0
阿罗玛,CASTER,blastcaster,4,浮空2.5s(覆盖100%),0,406,0,406,0,0,0,0,0,7222,0,7222
耶拉,CASTER,funnel,4,,0,0,0,0,0,0,0,0,0,0,0,0
洛洛,CASTER,funnel,4,,0,0,0,0,0,0,0,0,0,0,0,0
至简,CASTER,funnel,4,,0,0,0,0,0,0,0,0,0,0,0,0
时隙,CASTER,funnel,4,停顿1.5s(覆盖100%),0,244,0,244,0,0,0,0,0,4333,0,4333
折光,CASTER,primcaster,4,,0,0,0,0,0,0,0,0,0,0,0,0
温米,CASTER,primcaster,4,,0,0,0,0,0,0,0,0,0,0,0,0
Miss.Christine,CASTER,primcaster,4,,0,0,0,0,0,0,0,0,0,0,0,0
特克诺,CASTER,soulcaster,4,,0,0,0,0,0,0,0,0,0,0,0,0
梅尔,SUPPORT,summoner,4,,0,0,0,0,0,0,0,0,0,0,0,0
稀音,SUPPORT,summoner,4,,0,0,0,0,0,0,0,0,0,0,0,0
衡沙,SUPPORT,summoner,4,停顿1s(覆盖50%),0,81,0,81,0,0,0,0,0,1444,0,1444
赫默,MEDIC,physician,4,,0,0,0,0,0,0,0,0,0,0,0,0
华法琳,MEDIC,physician,4,友方攻击+90%(覆盖60%),86617,0,0,86617,4811,0,0,4811,12422,0,0,12422
亚叶,MEDIC,physician,4,治疗794/秒,0,0,34315,34315,0,0,1121,1121,0,0,2747,2747
Touch,MEDIC,physician,4,,0,0,0,0,0,0,0,0,0,0,0,0
录武官,MEDIC,physician,4,治疗894/次,0,0,38676,38676,0,0,1263,1263,0,0,3096,3096
锡兰,MEDIC,healer,4,治疗1106/次,0,0,47829,47829,0,0,1562,1562,0,0,3828,3828
絮雨,MEDIC,healer,4,治疗744/次,0,0,32157,32157,0,0,1050,1050,0,0,2574,2574
诺威尔,MEDIC,healer,4,治疗267/次,0,0,11559,11559,0,0,377,377,0,0,925,925
图耶,MEDIC,physician,4,治疗1845/次,0,0,79787,79787,0,0,2606,2606,0,0,6387,6387
桑葚,MEDIC,wandermedic,4,治疗948/次,0,0,40999,40999,0,0,1339,1339,0,0,3282,3282
蜜莓,MEDIC,wandermedic,4,,0,0,0,0,0,0,0,0,0,0,0,0
哈洛德,MEDIC,wandermedic,4,,0,0,0,0,0,0,0,0,0,0,0,0
濯尘芙蓉,MEDIC,incantationmedic,4,脆弱+6%(覆盖100%); 脆弱+2%(覆盖100%); 脆弱+12%(覆盖100%); 脆弱+2%(覆盖100%); 减速45%,13500,2661,0,16161,900,0,0,900,2400,7963,0,10363
刺玫,MEDIC,incantationmedic,4,,0,0,0,0,0,0,0,0,0,0,0,0
明椒,MEDIC,chainhealer,4,,0,0,0,0,0,0,0,0,0,0,0,0
莎草,MEDIC,chainhealer,4,治疗1120/次,0,0,48434,48434,0,0,1582,1582,0,0,3877,3877
乌啾,MEDIC,chainhealer,4,,0,0,0,0,0,0,0,0,0,0,0,0
风絮,MEDIC,watchman,4,治疗303/秒; 治疗505/秒,0,0,21839,21839,0,0,713,713,0,0,1748,1748
临光,TANK,guardian,4,,0,0,0,0,0,0,0,0,0,0,0,0
吽,TANK,guardian,4,,0,0,0,0,0,0,0,0,0,0,0,0
深律,TANK,guardian,4,,0,0,0,0,0,0,0,0,0,0,0,0
森西,TANK,guardian,4,治疗1428/次; 治疗918/次,0,0,61754,61754,0,0,2017,2017,0,0,4943,4943
红,SPECIAL,executor,4,,0,0,0,0,0,0,0,0,0,0,0,0
槐琥,SPECIAL,executor,4,,0,0,0,0,0,0,0,0,0,0,0,0
卡夫卡,SPECIAL,executor,4,,0,0,0,0,0,0,0,0,0,0,0,0
乌有,SPECIAL,merchant,4,晕眩3s(覆盖100%); 晕眩4s(覆盖100%),0,650,0,650,0,0,0,0,0,7963,0,7963
裁度,SPECIAL,merchant,4,,0,0,0,0,0,0,0,0,0,0,0,0
雷蛇,TANK,shotprotector,4,,0,0,0,0,0,0,0,0,0,0,0,0
深巡,TANK,shotprotector,4,,0,0,0,0,0,0,0,0,0,0,0,0
可颂,TANK,protector,4,,0,0,0,0,0,0,0,0,0,0,0,0
拜松,TANK,protector,4,,0,0,0,0,0,0,0,0,0,0,0,0
火神,TANK,unyield,4,,0,0,0,0,0,0,0,0,0,0,0,0
折桠,TANK,unyield,4,,0,0,0,0,0,0,0,0,0,0,0,0
石棉,TANK,artsprotector,4,,0,0,0,0,0,0,0,0,0,0,0,0
暮落,TANK,artsprotector,4,,0,0,0,0,0,0,0,0,0,0,0,0
暮落,TANK,artsprotector,4,,0,0,0,0,0,0,0,0,0,0,0,0
车尔尼,TANK,artsprotector,4,,0,0,0,0,0,0,0,0,0,0,0,0
闪击,TANK,shotprotector,4,,0,0,0,0,0,0,0,0,0,0,0,0
暴雨,TANK,protector,4,,0,0,0,0,0,0,0,0,0,0,0,0
灰毫,TANK,fortress,4,,0,0,0,0,0,0,0,0,0,0,0,0
火哨,TANK,fortress,4,,0,0,0,0,0,0,0,0,0,0,0,0
极光,TANK,duelist,4,,0,0,0,0,0,0,0,0,0,0,0,0
洋灰,TANK,duelist,4,,0,0,0,0,0,0,0,0,0,0,0,0
菲莱,TANK,primprotector,4,,0,0,0,0,0,0,0,0,0,0,0,0
裂响,TANK,primprotector,4,,0,0,0,0,0,0,0,0,0,0,0,0
普罗旺斯,SNIPER,closerange,4,,0,0,0,0,0,0,0,0,0,0,0,0
玫拉,SNIPER,closerange,4,,0,0,0,0,0,0,0,0,0,0,0,0
守林人,SNIPER,longrange,4,,0,0,0,0,0,0,0,0,0,0,0,0
安哲拉,SNIPER,longrange,4,,0,2168,0,2168,0,0,0,0,0,7963,0,7963
子月,SNIPER,longrange,4,,0,0,0,0,0,0,0,0,0,0,0,0
熔泉,SNIPER,siegesniper,4,敌方减防30%,14371,0,0,14371,423,0,0,423,901,0,0,901
埃拉托,SNIPER,siegesniper,4,,0,0,0,0,0,0,0,0,0,0,0,0
矩,SNIPER,siegesniper,4,,0,0,0,0,0,0,0,0,0,0,0,0
承曦格雷伊,SNIPER,bombarder,4,,0,0,0,0,0,0,0,0,0,0,0,0
冰酿,SNIPER,hunter,4,,0,0,0,0,0,0,0,0,0,0,0,0
雪猎,SNIPER,hunter,4,,0,0,0,0,0,0,0,0,0,0,0,0
水灯心,SNIPER,loopshooter,4,,0,0,0,0,0,0,0,0,0,0,0,0
空构,SPECIAL,geek,4,晕眩0.5s(覆盖100%); 晕眩1s(覆盖100%),0,163,0,163,0,0,0,0,0,2889,0,2889
崖心,SPECIAL,hookmaster,4,,0,0,0,0,0,0,0,0,0,0,0,0
雪雉,SPECIAL,hookmaster,4,,0,0,0,0,0,0,0,0,0,0,0,0
杏仁,SPECIAL,hookmaster,4,,0,0,0,0,0,0,0,0,0,0,0,0
初雪,SUPPORT,underminer,4,脆弱+15%(覆盖100%); 脆弱+18%(覆盖100%); 脆弱+30%(覆盖100%); 脆弱+33%(覆盖100%); 敌方减防60%,105474,0,0,105474,3600,0,0,3600,8997,0,0,8997
巫恋,SUPPORT,underminer,4,脆弱+10%(覆盖100%); 脆弱+13%(覆盖100%); 脆弱+20%(覆盖100%); 脆弱+23%(覆盖100%); 脆弱+30%(覆盖100%); 脆弱+33%(覆盖100%); 敌方减攻50%; 敌方减防50%,68980,0,34596,103576,3412,0,212,3624,8597,0,865,9463
海霓,SUPPORT,underminer,4,脆弱+8%(覆盖100%); 脆弱+10%(覆盖100%); 脆弱+16%(覆盖100%); 脆弱+18%(覆盖100%),20250,4878,0,25128,1350,0,0,1350,3600,7963,0,11563
真理,SUPPORT,slower,4,,0,0,0,0,0,0,0,0,0,0,0,0
格劳克斯,SUPPORT,slower,4,,0,0,0,0,0,0,0,0,0,0,0,0
但书,SUPPORT,slower,4,,0,0,0,0,0,0,0,0,0,0,0,0
小满,SUPPORT,slower,4,,0,0,0,0,0,0,0,0,0,0,0,0
掠风,SUPPORT,craftsman,4,,0,0,0,0,0,0,0,0,0,0,0,0
凯瑟琳,SUPPORT,craftsman,4,,0,0,0,0,0,0,0,0,0,0,0,0
阿兰娜,SUPPORT,craftsman,4,,0,0,0,0,0,0,0,0,0,0,0,0
空,SUPPORT,bard,4,"鼓舞(施法者攻击力+100%,覆盖60%)",49295,0,0,49295,2979,0,0,2979,7617,0,0,7617
海蒂,SUPPORT,bard,4,"鼓舞(施法者攻击力+110%,覆盖56%); 友方技力回复+0.5/秒(覆盖100%)",69232,0,0,69232,4301,0,0,4301,11133,0,0,11133
三角初华,SUPPORT,bard,4,治疗100/秒,0,0,4335,4335,0,0,142,142,0,0,347,347
月禾,SUPPORT,blessing,4,,0,0,0,0,0,0,0,0,0,0,0,0
九色鹿,SUPPORT,blessing,4,,0,0,0,0,0,0,0,0,0,0,0,0
夏栎,SUPPORT,blessing,4,,0,0,0,0,0,0,0,0,0,0,0,0
行箸,SUPPORT,blessing,4,治疗1693/次,0,0,73209,73209,0,0,2391,2391,0,0,5860,5860
撷英调香师,SUPPORT,blessing,4,治疗2600/次,0,0,112437,112437,0,0,3672,3672,0,0,9000,9000
凛视,SUPPORT,ritualist,4,,0,0,0,0,0,0,0,0,0,0,0,0
波卜,SUPPORT,ritualist,4,,0,0,0,0,0,0,0,0,0,0,0,0
伯塔尼,SUPPORT,ritualist,4,,0,0,0,0,0,0,0,0,0,0,0,0
佩德洛,SUPPORT,supportiveranger,4,,0,0,0,0,0,0,0,0,0,0,0,0
狮蝎,SPECIAL,stalker,4,晕眩1s(覆盖80%); 减速50%,0,3382,0,3382,0,0,0,0,0,10274,0,10274
绮良,SPECIAL,stalker,4,,0,0,0,0,0,0,0,0,0,0,0,0
八幡海铃,SPECIAL,stalker,4,停顿3s(覆盖100%),0,488,0,488,0,0,0,0,0,7963,0,7963
食铁兽,SPECIAL,pusher,4,减速30%; 减速30%,0,1394,0,1394,0,0,0,0,0,5159,0,5159
见行者,SPECIAL,pusher,4,,0,0,0,0,0,0,0,0,0,0,0,0
罗宾,SPECIAL,traper,4,,0,0,0,0,0,0,0,0,0,0,0,0
霜华,SPECIAL,traper,4,,0,0,0,0,0,0,0,0,0,0,0,0
钼铅,SPECIAL,traper,4,,0,0,0,0,0,0,0,0,0,0,0,0
贝娜,SPECIAL,dollkeeper,4,,0,0,0,0,0,0,0,0,0,0,0,0
风丸,SPECIAL,dollkeeper,4,,0,0,0,0,0,0,0,0,0,0,0,0
双月,SPECIAL,dollkeeper,4,脆弱+10%(覆盖100%); 脆弱+12%(覆盖100%); 脆弱+20%(覆盖100%); 脆弱+22%(覆盖100%),24750,0,0,24750,1650,0,0,1650,4400,0,0,4400
若叶睦,SPECIAL,dollkeeper,4,,0,0,0,0,0,0,0,0,0,0,0,0
锡人,SPECIAL,alchemist,4,,0,0,0,0,0,0,0,0,0,0,0,0
蒂比,SPECIAL,skywalker,4,,0,0,0,0,0,0,0,0,0,0,0,0
响石,TANK,primprotector,4,护盾90%最大生命,0,0,3585,3585,0,0,3585,3585,0,0,3585,3585
暴行,WARRIOR,centurion,4,,0,0,0,0,0,0,0,0,0,0,0,0
夜魔,CASTER,corecaster,4,减速60%,0,4878,0,4878,0,0,0,0,0,7963,0,7963
格拉尼,PIONEER,charger,4,,0,0,0,0,0,0,0,0,0,0,0,0
夜烟,CASTER,corecaster,3,,0,0,0,0,0,0,0,0,0,0,0,0
预备干员-术师,CASTER,corecaster,3,,0,0,0,0,0,0,0,0,0,0,0,0
远山,CASTER,splashcaster,3,,0,0,0,0,0,0,0,0,0,0,0,0
格雷伊,CASTER,splashcaster,3,,0,0,0,0,0,0,0,0,0,0,0,0
协律,CASTER,blastcaster,3,,0,0,0,0,0,0,0,0,0,0,0,0
卡达,CASTER,funnel,3,晕眩1s(覆盖55%),0,89,0,89,0,0,0,0,0,1576,0,1576
深靛,CASTER,mystic,3,,0,0,0,0,0,0,0,0,0,0,0,0
布丁,CASTER,chain,3,,0,0,0,0,0,0,0,0,0,0,0,0
杰西卡,SNIPER,fastshot,3,,0,0,0,0,0,0,0,0,0,0,0,0
流星,SNIPER,fastshot,3,,0,0,0,0,0,0,0,0,0,0,0,0
红云,SNIPER,fastshot,3,,0,0,0,0,0,0,0,0,0,0,0,0
梅,SNIPER,fastshot,3,停顿2.5s(覆盖100%); 晕眩1.2s(覆盖60%),0,524,0,524,0,0,0,0,0,7963,0,7963
预备干员-狙击,SNIPER,fastshot,3,,0,0,0,0,0,0,0,0,0,0,0,0
白雪,SNIPER,aoesniper,3,减速35%(覆盖50%),0,1751,0,1751,0,0,0,0,0,6481,0,6481
松果,SNIPER,reaperrange,3,,0,0,0,0,0,0,0,0,0,0,0,0
安比尔,SNIPER,longrange,3,晕眩2s(覆盖100%),0,325,0,325,0,0,0,0,0,5778,0,5778
酸糖,SNIPER,closerange,3,,0,0,0,0,0,0,0,0,0,0,0,0
铅踝,SNIPER,siegesniper,3,,0,0,0,0,0,0,0,0,0,0,0,0
跃跃,SNIPER,loopshooter,3,,0,0,0,0,0,0,0,0,0,0,0,0
讯使,PIONEER,pioneer,3,,0,0,0,0,0,0,0,0,0,0,0,0
清道夫,PIONEER,pioneer,3,,0,0,0,0,0,0,0,0,0,0,0,0
预备干员-先锋,PIONEER,pioneer,3,,0,0,0,0,0,0,0,0,0,0,0,0
红豆,PIONEER,charger,3,,0,0,0,0,0,0,0,0,0,0,0,0
桃金娘,PIONEER,bearer,3,治疗260/秒,0,0,11244,11244,0,0,367,367,0,0,900,900
豆苗,PIONEER,tactician,3,,0,0,0,0,0,0,0,0,0,0,0,0
冬时,PIONEER,agent,3,,0,0,0,0,0,0,0,0,0,0,0,0
杜宾,WARRIOR,instructor,3,,0,0,0,0,0,0,0,0,0,0,0,0
缠丸,WARRIOR,fearless,3,,0,0,0,0,0,0,0,0,0,0,0,0
断罪者,WARRIOR,fearless,3,晕眩10s(覆盖100%),0,1626,0,1626,0,0,0,0,0,7963,0,7963
预备干员-近卫,WARRIOR,fearless,3,,0,0,0,0,0,0,0,0,0,0,0,0
霜叶,WARRIOR,lord,3,减速50%; 减速50%,0,3252,0,3252,0,0,0,0,0,7963,0,7963
艾丝黛尔,WARRIOR,centurion,3,,0,0,0,0,0,0,0,0,0,0,0,0
慕斯,WARRIOR,artsfghter,3,,0,0,0,0,0,0,0,0,0,0,0,0
刻刀,WARRIOR,sword,3,,0,0,0,0,0,0,0,0,0,0,0,0
宴,WARRIOR,musha,3,,0,0,0,0,0,0,0,0,0,0,0,0
芳汀,WARRIOR,lord,3,,0,0,0,0,0,0,0,0,0,0,0,0
罗小黑,WARRIOR,lord,3,,0,0,0,0,0,0,0,0,0,0,0,0
石英,WARRIOR,crusher,3,,0,0,0,0,0,0,0,0,0,0,0,0
休谟斯,WARRIOR,reaper,3,,0,0,0,0,0,0,0,0,0,0,0,0
骋风,WARRIOR,librator,3,,0,0,0,0,0,0,0,0,0,0,0,0
砾,SPECIAL,executor,3,,0,0,0,0,0,0,0,0,0,0,0,0
预备干员-特种,SPECIAL,executor,3,,0,0,0,0,0,0,0,0,0,0,0,0
孑,SPECIAL,merchant,3,,0,0,0,0,0,0,0,0,0,0,0,0
暗索,SPECIAL,hookmaster,3,,0,0,0,0,0,0,0,0,0,0,0,0
末药,MEDIC,physician,3,治疗656/次,0,0,28380,28380,0,0,927,927,0,0,2272,2272
嘉维尔,MEDIC,physician,3,治疗198/次,0,0,8574,8574,0,0,280,280,0,0,686,686
苏苏洛,MEDIC,physician,3,,0,0,0,0,0,0,0,0,0,0,0,0
预备干员-医疗,MEDIC,physician,3,,0,0,0,0,0,0,0,0,0,0,0,0
调香师,MEDIC,ringhealer,3,,0,0,0,0,0,0,0,0,0,0,0,0
清流,MEDIC,healer,3,治疗260/秒,0,0,11265,11265,0,0,368,368,0,0,902,902
褐果,MEDIC,wandermedic,3,,0,0,0,0,0,0,0,0,0,0,0,0
角峰,TANK,protector,3,,0,0,0,0,0,0,0,0,0,0,0,0
蛇屠箱,TANK,protector,3,,0,0,0,0,0,0,0,0,0,0,0,0
泡泡,TANK,protector,3,,0,0,0,0,0,0,0,0,0,0,0,0
预备干员-重装,TANK,protector,3,,0,0,0,0,0,0,0,0,0,0,0,0
露托,TANK,unyield,3,,0,0,0,0,0,0,0,0,0,0,0,0
古米,TANK,guardian,3,晕眩0.5s(覆盖100%); 晕眩1s(覆盖100%),0,163,0,163,0,0,0,0,0,2889,0,2889
坚雷,TANK,artsprotector,3,,0,0,0,0,0,0,0,0,0,0,0,0
深海色,SUPPORT,summoner,3,,0,0,0,0,0,0,0,0,0,0,0,0
地灵,SUPPORT,slower,3,,0,0,0,0,0,0,0,0,0,0,0,0
波登可,SUPPORT,slower,3,,0,0,0,0,0,0,0,0,0,0,0,0
预备干员-辅助,SUPPORT,slower,3,,0,0,0,0,0,0,0,0,0,0,0,0
罗比菈塔,SUPPORT,craftsman,3,,0,0,0,0,0,0,0,0,0,0,0,0
盟约·辅助干员,SUPPORT,ritualist,3,,0,0,0,0,0,0,0,0,0,0,0,0
伊桑,SPECIAL,stalker,3,,0,0,0,0,0,0,0,0,0,0,0,0
阿消,SPECIAL,pusher,3,,0,0,0,0,0,0,0,0,0,0,0,0
维荻,SPECIAL,dollkeeper,3,,0,0,0,0,0,0,0,0,0,0,0,0
云迹,SPECIAL,skywalker,3,,0,0,0,0,0,0,0,0,0,0,0,0
猎蜂,WARRIOR,fighter,3,,0,0,0,0,0,0,0,0,0,0,0,0
杰克,WARRIOR,fighter,3,,0,0,0,0,0,0,0,0,0,0,0,0
